ID_meta_hmfSampleId;aneuploidy_score
HMF000014A;25
HMF000021A;21
HMF000025A;24
HMF000035A;5
HMF000044A;26
HMF000045A;13
HMF000054B;23
HMF000077A;12
HMF000082A;14
HMF000085A;23
HMF000086A;21
HMF000087A;24
HMF000100A;27
HMF000101A;14
HMF000116A;21
HMF000117A;15
HMF000119A;23
HMF000130A;20
HMF000133A;22
HMF000135A;15
HMF000143A;22
HMF000144A;6
HMF000145A;12
HMF000150A;24
HMF000170A;21
HMF000171A;21
HMF000179A;15
HMF000184A;24
HMF000192A;22
HMF000193A;13
HMF000195A;15
HMF000196A;9
HMF000218A;24
HMF000221A;24
HMF000228A;25
HMF000233A;21
HMF000235A;20
HMF000239A;7
HMF000251A;25
HMF000255A;13
HMF000261A;23
HMF000266A;21
HMF000273A;27
HMF000275A;30
HMF000278B;13
HMF000295A;25
HMF000309A;25
HMF000314A;23
HMF000323C;30
HMF000331A;19
HMF000341A;12
HMF000342B;12
HMF000354A;8
HMF000360A;25
HMF000366A;10
HMF000370A;21
HMF000371A;24
HMF000372B;22
HMF000374A;7
HMF000381A;23
HMF000390A;18
HMF000395A;26
HMF000397A;13
HMF000403B;28
HMF000408A;24
HMF000411B;10
HMF000415A;11
HMF000417A;22
HMF000435A;20
HMF000452A;16
HMF000459A;18
HMF000476B;24
HMF000479A;25
HMF000480B;26
HMF000492A;11
HMF000497A;13
HMF000502A;26
HMF000504A;15
HMF000514A;7
HMF000515A;18
HMF000529A;20
HMF000545A;13
HMF000556A;20
HMF000558A;11
HMF000567A;19
HMF000577A;17
HMF000579B;27
HMF000583A;24
HMF000598A;19
HMF000612A;20
HMF000620A;15
HMF000624A;12
HMF000625A;9
HMF000629A;26
HMF000632A;11
HMF000637A;9
HMF000646A;13
HMF000651A;12
HMF000656A;19
HMF000657A;23
HMF000665A;4
HMF000668A;23
HMF000688A;30
HMF000693B;17
HMF000701A;21
HMF000708A;16
HMF000710A;5
HMF000713A;19
HMF000718C;23
HMF000719A;13
HMF000724A;22
HMF000727A;17
HMF000730A;9
HMF000731A;21
HMF000733A;28
HMF000734A;13
HMF000735A;18
HMF000737A;6
HMF000761A;13
HMF000766A;26
HMF000768A;14
HMF000769A;11
HMF000771B;20
HMF000773A;11
HMF000781A;14
HMF000785A;27
HMF000793A;18
HMF000797A;8
HMF000802A;27
HMF000806A;18
HMF000807A;26
HMF000817A;25
HMF000818A;23
HMF000823A;16
HMF000828A;17
HMF000834A;7
HMF000848A;25
HMF000851B;26
HMF000857A;15
HMF000867A;27
HMF000886B;8
HMF000887A;21
HMF000889C;17
HMF000901A;22
HMF000903A;16
HMF000907A;8
HMF000908A;20
HMF000914B;24
HMF000915A;20
HMF000919A;20
HMF000922A;27
HMF000935A;14
HMF000937A;15
HMF000941A;25
HMF000950A;25
HMF000953B;11
HMF000959A;29
HMF000962A;17
HMF000964A;28
HMF000965A;19
HMF000968A;8
HMF000982A;27
HMF000984B;15
HMF000987A;29
HMF000988A;24
HMF000989A;16
HMF000992A;24
HMF000997A;13
HMF001017A;11
HMF001019A;16
HMF001031A;8
HMF001033A;16
HMF001041A;30
HMF001042A;8
HMF001046B;13
HMF001055A;24
HMF001061A;24
HMF001064A;8
HMF001066A;16
HMF001076A;17
HMF001084A;24
HMF001086A;27
HMF001089C;6
HMF001092B;19
HMF001094A;12
HMF001103A;28
HMF001125A;19
HMF001128A;25
HMF001130A;11
HMF001132A;22
HMF001138A;17
HMF001145B;22
HMF001148A;11
HMF001157A;24
HMF001160A;12
HMF001161A;4
HMF001163A;18
HMF001172A;23
HMF001174A;25
HMF001190A;17
HMF001191A;13
HMF001204A;15
HMF001211A;14
HMF001219A;12
HMF001223C;26
HMF001225A;9
HMF001228A;15
HMF001244A;25
HMF001252A;19
HMF001263A;16
HMF001269A;19
HMF001271A;11
HMF001275A;18
HMF001280A;12
HMF001293A;24
HMF001298A;13
HMF001317A;13
HMF001323A;12
HMF001327A;19
HMF001330A;18
HMF001334A;27
HMF001339A;19
HMF001340A;20
HMF001341A;21
HMF001347A;4
HMF001349A;26
HMF001351A;4
HMF001352A;17
HMF001364A;22
HMF001384A;18
HMF001390A;10
HMF001391A;26
HMF001401A;25
HMF001405A;27
HMF001418A;29
HMF001423B;20
HMF001425A;13
HMF001427A;8
HMF001428A;4
HMF001430A;26
HMF001443A;16
HMF001447A;8
HMF001454A;9
HMF001455A;17
HMF001459A;9
HMF001461B;21
HMF001466A;23
HMF001468A;20
HMF001471A;19
HMF001473A;17
HMF001478A;8
HMF001491A;23
HMF001496A;26
HMF001502A;25
HMF001504A;27
HMF001515B;15
HMF001516A;5
HMF001521A;23
HMF001533A;23
HMF001535A;21
HMF001536A;20
HMF001540A;20
HMF001546A;29
HMF001559A;17
HMF001569A;28
HMF001575A;12
HMF001580A;29
HMF001585A;21
HMF001587A;8
HMF001597A;11
HMF001607A;27
HMF001614A;11
HMF001615A;23
HMF001619A;17
HMF001628A;19
HMF001641A;29
HMF001646A;15
HMF001654A;22
HMF001669A;20
HMF001671A;23
HMF001678A;24
HMF001684A;25
HMF001689A;12
HMF001690A;11
HMF001698A;21
HMF001708A;9
HMF001711A;21
HMF001713A;27
HMF001718A;21
HMF001721A;18
HMF001725A;10
HMF001727A;20
HMF001729A;8
HMF001730A;3
HMF001736A;9
HMF001745A;21
HMF001764A;27
HMF001774A;20
HMF001775A;4
HMF001778A;16
HMF001779A;19
HMF001780A;6
HMF001791A;18
HMF001794A;22
HMF001801A;16
HMF001802A;26
HMF001820A;5
HMF001836A;9
HMF001841A;15
HMF001850A;22
HMF001851A;22
HMF001860A;26
HMF001868A;10
HMF001880A;19
HMF001900A;24
HMF001902A;22
HMF001905A;18
HMF001916C;13
HMF001924A;7
HMF001930A;11
HMF001931A;5
HMF001933A;25
HMF001940A;24
HMF001945B;18
HMF001947A;29
HMF001962A;26
HMF001966A;8
HMF001969A;25
HMF001970A;7
HMF001971A;22
HMF001982B;15
HMF002003A;20
HMF002025A;14
HMF002035A;20
HMF002037A;19
HMF002039A;14
HMF002042A;18
HMF002044A;23
HMF002058A;29
HMF002063A;25
HMF002073A;25
HMF002075A;29
HMF002080A;28
HMF002081A;7
HMF002086A;23
HMF002088A;27
HMF002093A;7
HMF002099A;14
HMF002114A;24
HMF002116A;14
HMF002119A;18
HMF002122A;22
HMF002125A;22
HMF002135A;27
HMF002147A;10
HMF002151A;13
HMF002179A;27
HMF002181A;22
HMF002195A;21
HMF002196A;22
HMF002197A;15
HMF002199A;7
HMF002201A;7
HMF002225A;12
HMF002233A;24
HMF002241B;26
HMF002244A;21
HMF002252A;16
HMF002258A;8
HMF002265A;14
HMF002267A;8
HMF002268A;27
HMF002270A;23
HMF002272A;11
HMF002280A;20
HMF002285A;23
HMF002290A;18
HMF002307A;24
HMF002311A;7
HMF002312A;6
HMF002324A;15
HMF002325A;6
HMF002327A;25
HMF002329A;14
HMF002342A;26
HMF002350B;22
HMF002355A;11
HMF002358A;8
HMF002359A;23
HMF002360A;6
HMF002363A;12
HMF002364A;23
HMF002368A;4
HMF002386A;31
HMF002391A;4
HMF002392A;22
HMF002397A;17
HMF002412A;23
HMF002414A;25
HMF002424A;16
HMF002428B;13
HMF002432A;24
HMF002435A;17
HMF002442A;17
HMF002448A;6
HMF002454A;18
HMF002457A;22
HMF002461A;19
HMF002463A;20
HMF002464B;7
HMF002470A;25
HMF002473A;14
HMF002481A;11
HMF002484A;25
HMF002491A;17
HMF002493A;25
HMF002494A;15
HMF002495A;7
HMF002501A;26
HMF002521A;13
HMF002524A;12
HMF002526A;5
HMF002529A;11
HMF002535A;5
HMF002539A;26
HMF002540A;8
HMF002542A;23
HMF002554A;24
HMF002559A;25
HMF002560A;9
HMF002562A;14
HMF002568A;25
HMF002569A;26
HMF002573A;6
HMF002578A;21
HMF002579A;19
HMF002583A;2
HMF002589A;25
HMF002596A;22
HMF002599A;23
HMF002600A;27
HMF002608A;21
HMF002611A;13
HMF002615A;17
HMF002625A;14
HMF002638A;24
HMF002642A;6
HMF002652A;21
HMF002655A;16
HMF002657A;26
HMF002676A;26
HMF002680A;11
HMF002692A;22
HMF002701A;25
HMF002721A;23
HMF002725A;30
HMF002735A;19
HMF002743A;18
HMF002744A;7
HMF002747A;23
HMF002756A;9
HMF002759A;15
HMF002761B;14
HMF002764A;21
HMF002765B;23
HMF002775A;27
HMF002796A;28
HMF002801A;9
HMF002809A;22
HMF002813A;23
HMF002822A;9
HMF002824B;25
HMF002831A;22
HMF002841A;24
HMF002846A;12
HMF002852B;27
HMF002862A;28
HMF002873A;14
HMF002878A;20
HMF002887A;22
HMF002896A;9
HMF002900A;7
HMF002904A;10
HMF002915A;23
HMF002917A;16
HMF002932A;18
HMF002935A;22
HMF002951A;22
HMF002952A;24
HMF002960A;12
HMF002965A;21
HMF002980D;31
HMF002985A;24
HMF002988A;22
HMF002995A;21
HMF003003A;12
HMF003008A;11
HMF003025A;26
HMF003034A;13
HMF003037A;24
HMF003049A;3
HMF003055A;17
HMF003062A;24
HMF003064A;12
HMF003071A;12
HMF003072A;20
HMF003077A;21
HMF003090A;14
HMF003092A;9
HMF003096A;25
HMF003099A;6
HMF003102A;10
HMF003104A;7
HMF003105A;5
HMF003113A;30
HMF003134B;21
HMF003154A;21
HMF003168A;24
HMF003174A;18
HMF003181A;15
HMF003202A;19
HMF003206A;9
HMF003213A;27
HMF003220A;15
HMF003227A;28
HMF003231A;13
HMF003236A;27
HMF003238A;27
HMF003241A;22
HMF003252A;24
HMF003264A;11
HMF003283A;6
HMF003287A;10
HMF003291A;20
HMF003296A;20
HMF003303A;7
HMF003306A;3
HMF003314A;19
HMF003315A;25
HMF003318A;22
HMF003319A;24
HMF003325A;17
HMF003331A;30
HMF003337A;25
HMF003338B;20
HMF003362A;15
HMF003363A;5
HMF003368A;22
HMF003370A;20
HMF003374A;16
HMF003376A;21
HMF003382A;11
HMF003389A;24
HMF003391A;15
HMF003392A;16
HMF003399A;10
HMF003401A;22
HMF003414A;25
HMF003417A;4
HMF003422A;27
HMF003427A;22
HMF003429A;14
HMF003438A;13
HMF003443A;24
HMF003446A;25
HMF003447A;26
HMF003448A;14
HMF003449A;24
HMF003450A;21
HMF003453A;16
HMF003456A;9
HMF003459A;24
HMF003460A;25
HMF003464A;7
HMF003471A;19
HMF003473A;15
HMF003477A;28
HMF003479A;20
HMF003498A;22
HMF003502A;11
HMF003507A;8
HMF003509A;25
HMF003510A;24
HMF003511A;24
HMF003513A;7
HMF003518A;21
HMF003519A;27
HMF003527A;20
HMF003528A;26
HMF003531A;7
HMF003533B;13
HMF003545A;4
HMF003562A;10
HMF003563A;22
HMF003568A;18
HMF003573A;24
HMF003581A;25
HMF003586A;21
HMF003599A;29
HMF003614A;10
HMF003625A;10
HMF003626A;27
HMF003645A;14
HMF003665A;25
HMF003666A;20
HMF003670A;11
HMF003676A;15
HMF003677A;18
HMF003678A;15
HMF003684A;9
HMF003691A;19
HMF003701A;24
HMF003703A;9
HMF003712A;14
HMF003720B;23
HMF003726A;26
HMF003730A;13
HMF003738A;16
HMF003745A;19
HMF003753A;30
HMF003754A;15
HMF003771A;16
HMF003780A;11
HMF003783A;13
HMF003792A;12
HMF003796A;21
HMF003800A;24
HMF003802A;8
HMF003804A;14
HMF003808A;13
HMF003810A;12
HMF003817A;12
HMF003825A;23
HMF003837A;13
HMF003839B;5
HMF003847A;21
HMF003849A;13
HMF003850A;11
HMF003851A;7
HMF003861A;26
HMF003871A;16
HMF003882A;8
HMF003921A;15
HMF003928A;16
HMF003935A;26
HMF003938A;13
HMF003951A;23
HMF003956A;6
HMF003968A;17
HMF003975A;20
HMF003981A;23
HMF003988A;18
HMF003992A;22
HMF003997A;8
HMF004004A;16
HMF004006A;24
HMF004010A;10
HMF004012A;7
HMF004023A;26
HMF004030A;27
HMF004035A;11
HMF004037A;11
HMF004039A;26
HMF004042A;19
HMF004046A;17
HMF004062A;12
HMF004071A;23
HMF004072A;16
HMF004075A;27
HMF004078A;28
HMF004081A;6
HMF004090A;7
HMF004094A;10
HMF004098A;27
HMF004101A;17
HMF004104A;22
HMF004116A;19
HMF004121A;11
HMF004127A;17
HMF004129A;18
HMF004131A;28
HMF004135A;8
HMF004136A;11
HMF004157A;22
HMF004163A;9
HMF004170A;27
HMF004172A;13
HMF004174A;18
HMF004214A;12
HMF004215A;22
HMF004227A;28
HMF004232A;13
HMF004244B;11
HMF004268A;27
HMF004276A;16
HMF004277A;14
HMF004286A;15
HMF004287A;6
HMF004313A;20
HMF004315A;11
HMF004321A;25
HMF004323A;27
HMF004333A;22
HMF004338A;22
HMF004341A;27
HMF004364A;25
HMF004366A;10
HMF004381A;21
HMF004386A;19
HMF004416A;20
HMF004429A;11
HMF004436A;15
HMF004453A;10
HMF004454A;26
HMF004462A;23
HMF004471A;24
HMF004476A;23
HMF004514A;21
HMF004515A;8
HMF004516A;9
HMF004517A;28
HMF004525A;4
HMF004530A;24
HMF004538A;9
HMF004540A;24
HMF004543A;19
HMF004547A;28
HMF004550A;16
HMF004563A;22
HMF004564A;22
HMF004586A;13
HMF004600A;26
HMF004614A;13
HMF004644A;13
HMF004645A;8
HMF004648A;10
HMF004657A;25
HMF004663A;19
HMF004666A;12
HMF004670A;28
HMF004675A;22
HMF004683A;20
HMF004685A;25
HMF004695A;20
HMF004700A;2
HMF004714A;20
HMF004716A;23
HMF004729A;15
HMF004752A;7
HMF004762A;27
HMF004764A;8
HMF004787A;25
HMF004791A;10
HMF004801A;29
HMF004804A;25
HMF004821A;24
HMF004848A;13
HMF004855A;28
HMF004878A;19
HMF004880A;21
HMF004884A;24
HMF004906A;9
HMF004922A;18
HMF004923A;10
HMF004936A;28
HMF004941A;6
HMF004965A;21
HMF004971A;25
HMF004973A;16
HMF004979A;21
HMF005006A;8
HMF005010A;16
HMF005011A;23
HMF005021A;15
HMF005022A;22
HMF005030A;28
HMF005071A;7
HMF005110A;26
HMF005128A;26
HMF005129A;9
HMF005131A;12
HMF005139A;24
HMF005141A;21
HMF005145A;23
HMF005152A;12
HMF005154A;27
HMF005156A;27
HMF000327A;22
HMF000328A;11
HMF000343A;25
HMF000440A;13
HMF000471A;21
HMF000544A;23
HMF000546A;6
HMF000810A;15
HMF000905A;22
HMF001101B;6
HMF001311B;19
HMF001472A;22
HMF001552A;13
HMF001564A;18
HMF001665A;15
HMF001705A;4
HMF001735B;24
HMF001789A;24
HMF001824A;23
HMF002012A;6
HMF002245A;20
HMF002482A;20
HMF002632A;8
HMF002643B;14
HMF002859A;20
HMF002921A;7
HMF002941A;12
HMF003040A;4
HMF003505A;0
HMF003532A;8
HMF003548A;22
HMF003612A;10
HMF003708A;13
HMF003709A;24
HMF004625A;20
HMF004667A;15
HMF004741A;27
HMF005047A;20
HMF005119A;19
HMF005124A;8
HMF000068A;21
HMF000132A;8
HMF000245A;26
HMF000317A;21
HMF000339A;11
HMF000358A;16
HMF000412A;23
HMF000585A;11
HMF000638A;18
HMF000721A;7
HMF000963A;28
HMF000966A;24
HMF001035A;12
HMF001040A;13
HMF001139A;27
HMF001193A;12
HMF001230A;25
HMF001321A;24
HMF001354A;23
HMF001407A;23
HMF001457A;24
HMF001479A;13
HMF001561A;12
HMF001588A;14
HMF001759A;23
HMF001827A;22
HMF001861A;26
HMF001876A;7
HMF001889B;8
HMF001896A;25
HMF001904A;10
HMF001952A;14
HMF002048A;13
HMF002275A;15
HMF002294A;19
HMF002398B;4
HMF002440A;27
HMF002507A;18
HMF002577A;20
HMF002621A;14
HMF002623A;7
HMF002626A;28
HMF002685A;14
HMF002695A;24
HMF002705A;22
HMF002709A;16
HMF002727A;10
HMF002793A;20
HMF002826A;15
HMF002929A;7
HMF002947A;25
HMF002992A;11
HMF003076A;18
HMF003194A;11
HMF003271A;11
HMF003424A;27
HMF003426A;11
HMF003542A;22
HMF003572A;21
HMF003687A;13
HMF004173A;8
HMF004408A;18
HMF004649A;7
HMF004698A;26
HMF004705A;8
HMF004754A;8
HMF000008B;5
HMF000011A;11
HMF000015A;17
HMF000020B;12
HMF000022A;23
HMF000023A;26
HMF000032A;7
HMF000036A;23
HMF000037A;21
HMF000041A;11
HMF000042B;13
HMF000049A;12
HMF000062A;24
HMF000067A;11
HMF000074C;27
HMF000075A;24
HMF000089A;28
HMF000096B;8
HMF000098A;16
HMF000104A;23
HMF000112B;24
HMF000136A;22
HMF000152B;17
HMF000156A;22
HMF000166A;24
HMF000167A;19
HMF000169A;27
HMF000202A;22
HMF000207A;17
HMF000211A;26
HMF000229A;22
HMF000231A;12
HMF000234A;16
HMF000264A;2
HMF000272A;25
HMF000285A;13
HMF000286A;25
HMF000287A;12
HMF000303A;15
HMF000306A;13
HMF000318A;7
HMF000348A;28
HMF000349A;21
HMF000355A;18
HMF000364A;16
HMF000365A;21
HMF000369A;28
HMF000378A;21
HMF000379A;9
HMF000388A;17
HMF000398A;13
HMF000400A;21
HMF000401A;22
HMF000402A;21
HMF000436A;10
HMF000441A;16
HMF000461A;22
HMF000467A;26
HMF000468A;22
HMF000469A;17
HMF000494A;11
HMF000512B;2
HMF000522B;24
HMF000523B;27
HMF000527A;16
HMF000533A;23
HMF000541A;20
HMF000547A;22
HMF000552A;14
HMF000553A;24
HMF000555A;22
HMF000559A;23
HMF000560A;11
HMF000566A;15
HMF000572A;12
HMF000587A;11
HMF000595A;25
HMF000596B;26
HMF000606A;15
HMF000614A;25
HMF000628C;28
HMF000630A;28
HMF000641B;15
HMF000642A;13
HMF000644A;7
HMF000650A;20
HMF000664A;24
HMF000667A;21
HMF000687A;18
HMF000689A;22
HMF000707A;14
HMF000720A;28
HMF000741A;29
HMF000742A;11
HMF000745A;11
HMF000747A;18
HMF000752A;24
HMF000753B;10
HMF000756A;10
HMF000760A;23
HMF000779A;27
HMF000799A;24
HMF000813A;25
HMF000814A;19
HMF000821A;21
HMF000833A;20
HMF000845A;21
HMF000850A;28
HMF000852A;25
HMF000853A;21
HMF000859A;12
HMF000869A;27
HMF000870A;24
HMF000872A;6
HMF000882A;15
HMF000898A;21
HMF000904A;13
HMF000906A;12
HMF000916A;7
HMF000930A;18
HMF000957A;26
HMF001005A;25
HMF001010A;20
HMF001016A;21
HMF001022A;16
HMF001023A;19
HMF001026A;15
HMF001027A;21
HMF001049A;21
HMF001051A;30
HMF001060A;18
HMF001085A;10
HMF001097B;25
HMF001099A;4
HMF001104A;19
HMF001105A;26
HMF001107B;2
HMF001121A;19
HMF001131B;15
HMF001140A;24
HMF001142A;26
HMF001146A;7
HMF001156A;14
HMF001176A;22
HMF001184B;31
HMF001198A;27
HMF001205A;24
HMF001210A;16
HMF001212A;24
HMF001213A;28
HMF001234A;17
HMF001238A;26
HMF001242A;10
HMF001249A;19
HMF001255A;28
HMF001256A;22
HMF001270A;11
HMF001277A;14
HMF001279A;12
HMF001284A;19
HMF001287A;23
HMF001297A;10
HMF001301A;9
HMF001302A;13
HMF001303A;23
HMF001307A;28
HMF001319A;26
HMF001328A;9
HMF001342A;25
HMF001346A;26
HMF001370A;2
HMF001371A;5
HMF001379B;17
HMF001388A;19
HMF001404A;24
HMF001408A;13
HMF001413A;28
HMF001424A;15
HMF001429A;21
HMF001432B;23
HMF001438A;12
HMF001444A;21
HMF001458A;24
HMF001486A;20
HMF001490A;2
HMF001497A;6
HMF001498A;21
HMF001499A;22
HMF001500A;18
HMF001501A;29
HMF001503A;20
HMF001505A;9
HMF001508A;15
HMF001512A;12
HMF001513A;24
HMF001520A;27
HMF001522A;24
HMF001538A;20
HMF001544A;10
HMF001548A;11
HMF001550A;15
HMF001577A;13
HMF001583A;26
HMF001590A;19
HMF001599A;27
HMF001601A;17
HMF001604A;17
HMF001642A;15
HMF001649A;13
HMF001651A;4
HMF001652A;14
HMF001653A;25
HMF001655A;21
HMF001658A;16
HMF001674A;15
HMF001688A;7
HMF001695A;24
HMF001704A;21
HMF001723A;9
HMF001724A;22
HMF001756A;24
HMF001762A;19
HMF001767A;13
HMF001773A;21
HMF001783A;10
HMF001796B;20
HMF001804A;29
HMF001830A;21
HMF001832B;27
HMF001838A;26
HMF001840A;23
HMF001856A;12
HMF001859A;20
HMF001869A;23
HMF001871A;21
HMF001872A;18
HMF001875A;12
HMF001922A;8
HMF001927A;21
HMF001942A;14
HMF001944A;29
HMF001946A;16
HMF001951A;25
HMF001960A;6
HMF001965A;23
HMF001968A;25
HMF001993A;17
HMF001998A;22
HMF002000A;8
HMF002005A;27
HMF002017B;30
HMF002027A;27
HMF002045A;13
HMF002053A;10
HMF002057A;23
HMF002059A;12
HMF002082A;12
HMF002100A;9
HMF002107A;24
HMF002111A;25
HMF002128A;25
HMF002138A;24
HMF002144A;3
HMF002148B;25
HMF002194A;22
HMF002204A;26
HMF002205A;9
HMF002209A;28
HMF002213A;16
HMF002223A;22
HMF002224A;9
HMF002232B;12
HMF002236A;13
HMF002239A;23
HMF002240A;9
HMF002246A;10
HMF002255A;24
HMF002273A;20
HMF002274A;20
HMF002276A;24
HMF002281A;17
HMF002283A;10
HMF002284A;13
HMF002292A;24
HMF002295A;12
HMF002301A;23
HMF002302A;22
HMF002309A;25
HMF002319A;27
HMF002332A;24
HMF002357A;20
HMF002361B;21
HMF002369A;23
HMF002372A;10
HMF002395A;23
HMF002409A;24
HMF002422A;9
HMF002429A;18
HMF002441B;22
HMF002450A;30
HMF002451A;16
HMF002460A;23
HMF002467A;13
HMF002480A;8
HMF002492A;24
HMF002502A;22
HMF002515A;17
HMF002532A;26
HMF002538A;25
HMF002549A;10
HMF002551A;4
HMF002555A;26
HMF002606A;19
HMF002612A;25
HMF002616A;10
HMF002619A;26
HMF002620A;24
HMF002627A;8
HMF002628A;1
HMF002656A;9
HMF002660A;22
HMF002679A;23
HMF002682A;24
HMF002688A;16
HMF002694A;12
HMF002696A;24
HMF002703A;17
HMF002719A;27
HMF002724B;13
HMF002739A;20
HMF002741A;23
HMF002748A;15
HMF002750A;24
HMF002769A;27
HMF002776A;26
HMF002777A;18
HMF002782B;21
HMF002787A;17
HMF002795A;13
HMF002800A;26
HMF002804A;20
HMF002810B;29
HMF002811A;20
HMF002834A;27
HMF002847A;23
HMF002848A;16
HMF002861A;4
HMF002864B;10
HMF002865A;25
HMF002869A;24
HMF002884A;17
HMF002897A;27
HMF002907A;19
HMF002933A;25
HMF002942A;19
HMF002949A;26
HMF002957A;19
HMF002967A;23
HMF002976A;23
HMF002990A;19
HMF002994A;24
HMF002998A;20
HMF003014A;12
HMF003029A;15
HMF003030A;24
HMF003048A;29
HMF003051A;27
HMF003057A;13
HMF003058A;27
HMF003061A;26
HMF003067A;21
HMF003086A;8
HMF003100A;25
HMF003125A;26
HMF003133A;23
HMF003137A;27
HMF003139A;21
HMF003140A;22
HMF003146A;21
HMF003151A;24
HMF003169A;8
HMF003177A;2
HMF003187A;24
HMF003188A;22
HMF003195A;20
HMF003197A;6
HMF003204A;9
HMF003208A;18
HMF003215A;28
HMF003218A;20
HMF003221A;24
HMF003234A;23
HMF003235A;22
HMF003262A;22
HMF003263A;27
HMF003265A;8
HMF003267A;25
HMF003277A;23
HMF003285A;21
HMF003289A;28
HMF003298A;22
HMF003305A;24
HMF003322A;28
HMF003323A;2
HMF003324A;17
HMF003344A;21
HMF003345A;3
HMF003349A;25
HMF003352A;13
HMF003360A;23
HMF003361A;2
HMF003365A;26
HMF003369A;22
HMF003371A;22
HMF003378A;9
HMF003383A;24
HMF003387A;2
HMF003388A;10
HMF003394A;12
HMF003404A;18
HMF003418A;25
HMF003437A;25
HMF003444A;23
HMF003445A;23
HMF003461A;12
HMF003468A;7
HMF003470A;22
HMF003472A;26
HMF003483A;26
HMF003489A;18
HMF003492A;25
HMF003515A;13
HMF003522A;25
HMF003533A;21
HMF003539A;22
HMF003543A;18
HMF003558A;11
HMF003564A;22
HMF003565A;8
HMF003576A;10
HMF003606A;20
HMF003610A;17
HMF003619A;25
HMF003627A;24
HMF003634A;22
HMF003653B;12
HMF003654A;1
HMF003661A;13
HMF003669A;4
HMF003675A;26
HMF003682A;22
HMF003690A;14
HMF003696A;20
HMF003713A;22
HMF003717A;24
HMF003725A;22
HMF003727A;24
HMF003729A;26
HMF003757A;26
HMF003759A;20
HMF003777A;12
HMF003779A;10
HMF003782A;27
HMF003786A;21
HMF003805A;9
HMF003819A;22
HMF003832A;19
HMF003836A;21
HMF003873A;24
HMF003879A;25
HMF003895A;18
HMF003904A;24
HMF003906A;25
HMF003962A;2
HMF003965A;24
HMF004000A;2
HMF004009A;14
HMF004018A;4
HMF004031A;0
HMF004034A;16
HMF004043A;19
HMF004064A;28
HMF004065A;20
HMF004076A;7
HMF004097A;2
HMF004120A;25
HMF004126A;23
HMF004138A;24
HMF004141A;21
HMF004142A;0
HMF004147A;7
HMF004154A;22
HMF004156A;22
HMF004185A;24
HMF004194A;7
HMF004197A;23
HMF004206A;22
HMF004209A;30
HMF004212A;10
HMF004236A;13
HMF004246A;27
HMF004264A;23
HMF004278A;17
HMF004283A;18
HMF004296A;19
HMF004303A;8
HMF004334A;22
HMF004346A;15
HMF004360A;24
HMF004376A;13
HMF004394A;15
HMF004409A;13
HMF004413A;23
HMF004414A;14
HMF004437A;20
HMF004440A;9
HMF004442A;27
HMF004451A;23
HMF004456A;24
HMF004460A;19
HMF004466A;4
HMF004468A;24
HMF004473A;18
HMF004482A;15
HMF004487B;12
HMF004490A;18
HMF004494A;24
HMF004502A;18
HMF004503A;5
HMF004508A;25
HMF004511A;12
HMF004518A;9
HMF004527A;19
HMF004528A;15
HMF004535A;26
HMF004542A;27
HMF004549A;20
HMF004551A;23
HMF004553A;8
HMF004554A;20
HMF004560A;14
HMF004566A;26
HMF004567A;21
HMF004572A;18
HMF004575A;26
HMF004576A;16
HMF004580A;13
HMF004596A;7
HMF004609A;24
HMF004616A;2
HMF004617A;7
HMF004629A;24
HMF004630A;19
HMF004634A;29
HMF004635A;29
HMF004640A;20
HMF004641A;26
HMF004642A;15
HMF004643A;8
HMF004652A;24
HMF004654A;23
HMF004658A;25
HMF004660A;8
HMF004673A;24
HMF004678A;4
HMF004684A;27
HMF004693A;19
HMF004697A;10
HMF004701A;12
HMF004703A;7
HMF004712A;11
HMF004726A;7
HMF004736A;27
HMF004737A;22
HMF004750A;2
HMF004763A;14
HMF004765A;17
HMF004766A;10
HMF004770A;7
HMF004774A;14
HMF004781A;19
HMF004789A;23
HMF004796A;14
HMF004813A;24
HMF004850A;10
HMF004868A;25
HMF004873A;8
HMF004876A;12
HMF004886A;27
HMF004915A;25
HMF004918A;23
HMF004919A;8
HMF004927A;1
HMF004929A;24
HMF004932A;9
HMF004933A;0
HMF004937A;25
HMF004939A;22
HMF004942A;12
HMF004944A;27
HMF004960A;25
HMF004962A;24
HMF004995A;23
HMF004997A;1
HMF004998A;17
HMF005008A;11
HMF005032A;3
HMF005036A;21
HMF005039A;28
HMF005040A;13
HMF005041A;26
HMF005044A;28
HMF005048A;23
HMF005052A;17
HMF005072A;25
HMF005081A;30
HMF005094A;22
HMF005096A;2
HMF005099A;26
HMF005100A;7
HMF005101A;21
HMF005102A;4
HMF005115A;24
HMF005118A;24
HMF005121A;26
HMF005125A;15
HMF005150A;23
HMF005153A;22
HMF000215A;5
HMF000432A;12
HMF000483A;23
HMF000772A;8
HMF000920A;4
HMF001018A;14
HMF001088A;5
HMF001227A;4
HMF001417A;11
HMF001475A;8
HMF001545A;12
HMF002745A;21
HMF002851A;7
HMF003158A;23
HMF003288A;8
HMF003651A;24
HMF003656A;3
HMF004267A;8
HMF004393A;2
HMF004552A;19
HMF000038A;28
HMF000084A;28
HMF000103A;31
HMF000146A;10
HMF000157A;22
HMF000177A;21
HMF000182A;26
HMF000240A;9
HMF000281A;20
HMF000334A;5
HMF000344A;24
HMF000357A;25
HMF000393A;15
HMF000406A;23
HMF000420A;14
HMF000426A;14
HMF000433A;18
HMF000451A;22
HMF000481A;23
HMF000500B;7
HMF000568A;27
HMF000605A;13
HMF000692A;22
HMF000695A;25
HMF000704A;24
HMF000717A;15
HMF000722A;19
HMF000726C;27
HMF000732A;21
HMF000774A;22
HMF000811B;14
HMF000824A;23
HMF000858A;7
HMF000863A;14
HMF000924A;25
HMF000958A;22
HMF000993A;24
HMF001003A;20
HMF001074A;13
HMF001078A;30
HMF001081B;27
HMF001115A;24
HMF001257A;17
HMF001300A;23
HMF001315A;23
HMF001320A;27
HMF001329A;22
HMF001365A;24
HMF001374A;18
HMF001397A;27
HMF001406A;18
HMF001527A;21
HMF001532A;18
HMF001562A;22
HMF001609A;26
HMF001663B;19
HMF001664A;22
HMF001670A;27
HMF001677A;24
HMF001803A;15
HMF001823A;18
HMF001831A;24
HMF001845A;20
HMF001847A;21
HMF001858A;21
HMF001862A;25
HMF001892A;28
HMF001926A;25
HMF001937A;27
HMF001975A;26
HMF001984A;25
HMF002001A;24
HMF002011B;23
HMF002020A;21
HMF002024A;26
HMF002054A;16
HMF002105A;24
HMF002117A;26
HMF002121A;27
HMF002192A;22
HMF002215A;26
HMF002296A;23
HMF002349A;26
HMF002353A;18
HMF002370A;8
HMF002378A;20
HMF002408A;23
HMF002437A;17
HMF002443B;23
HMF002490A;12
HMF002528A;15
HMF002530A;25
HMF002575A;16
HMF002634B;25
HMF002772A;16
HMF002818B;24
HMF002908B;12
HMF002913A;31
HMF002948A;27
HMF002953A;16
HMF002987A;17
HMF003091A;19
HMF003095A;19
HMF003148A;25
HMF003173A;26
HMF003214A;26
HMF003222A;28
HMF003226A;26
HMF003256A;25
HMF003286A;18
HMF003311A;20
HMF003333A;19
HMF003385A;21
HMF003402A;15
HMF003490A;23
HMF003491A;27
HMF003523A;20
HMF003559A;19
HMF003587A;24
HMF003595A;21
HMF003608A;15
HMF003640A;24
HMF003663A;9
HMF003681A;23
HMF003742A;12
HMF003778A;26
HMF004123A;26
HMF004130A;14
HMF004252A;20
HMF004262A;10
HMF004428A;21
HMF004477A;20
HMF004495A;23
HMF004602A;14
HMF004702A;20
HMF004756A;25
HMF004757A;24
HMF004899A;19
HMF004905A;22
HMF005137A;27
HMF000043A;9
HMF000224A;10
HMF000294A;8
HMF000329A;8
HMF000387A;8
HMF000570A;6
HMF000649A;12
HMF000655A;6
HMF000672A;8
HMF000729A;2
HMF000788A;11
HMF000842A;6
HMF000913A;11
HMF000921A;9
HMF000925A;8
HMF001020A;12
HMF001070A;11
HMF001167A;15
HMF001180A;11
HMF001235A;10
HMF001331A;11
HMF001333A;6
HMF001338A;12
HMF001434A;7
HMF001474A;10
HMF001624A;22
HMF001701A;11
HMF001787A;8
HMF001799A;11
HMF001837A;23
HMF001855A;4
HMF001888A;11
HMF001910A;7
HMF002085A;10
HMF002152A;7
HMF002266A;25
HMF002335A;12
HMF002343A;27
HMF002371A;9
HMF002393A;12
HMF002474A;13
HMF002478A;10
HMF002509A;1
HMF002651A;9
HMF002784A;8
HMF002830A;9
HMF002973A;9
HMF003001A;6
HMF003026A;6
HMF003044A;12
HMF003157A;11
HMF003232A;8
HMF003300A;11
HMF003339A;20
HMF003405A;10
HMF003406A;8
HMF003436A;4
HMF003504A;9
HMF003517A;11
HMF003589A;5
HMF003686A;26
HMF003773A;6
HMF003793A;7
HMF003795A;25
HMF000048A;11
HMF000142A;8
HMF000153A;12
HMF000217A;24
HMF000248A;11
HMF000259A;20
HMF000270A;17
HMF000392A;18
HMF000484A;25
HMF000680A;8
HMF000700A;5
HMF000749A;8
HMF000751A;27
HMF000757A;9
HMF000860A;10
HMF000899A;7
HMF000927A;10
HMF001143A;11
HMF001395A;16
HMF001420A;4
HMF001565A;17
HMF001768A;24
HMF001811B;11
HMF001881A;24
HMF002009A;23
HMF002190A;16
HMF002320A;28
HMF002466A;17
HMF002635A;10
HMF002645A;24
HMF002675A;25
HMF002729A;18
HMF002833A;3
HMF002918A;10
HMF002920A;27
HMF003117A;10
HMF003209A;13
HMF003251A;9
HMF003309A;17
HMF003366A;5
HMF003425A;11
HMF003516A;0
HMF003526A;18
HMF003601A;19
HMF003615A;10
HMF003662A;9
HMF003672A;13
HMF003987A;10
HMF003993A;9
HMF004024A;27
HMF004040A;6
HMF004306A;15
HMF004324A;6
HMF000047A;17
HMF000072A;10
HMF000131A;1
HMF000190A;13
HMF000204A;11
HMF000213A;13
HMF000288A;27
HMF000425A;8
HMF000428A;24
HMF000611A;27
HMF000631A;23
HMF000673A;17
HMF000843A;16
HMF000895A;4
HMF000934A;5
HMF000944A;25
HMF001011B;21
HMF001029A;12
HMF001181A;5
HMF001183A;3
HMF001203A;18
HMF001207A;13
HMF001356A;9
HMF001431A;21
HMF001439A;10
HMF001451A;2
HMF001464A;25
HMF001484A;17
HMF001489A;12
HMF001554A;9
HMF001576A;2
HMF001591A;5
HMF001616A;16
HMF001650C;21
HMF001660A;15
HMF001686A;17
HMF001709A;23
HMF001722A;14
HMF001771A;8
HMF001797A;25
HMF001843A;3
HMF001853A;23
HMF001870A;9
HMF001886A;26
HMF001907A;20
HMF001928A;16
HMF001936A;8
HMF001943A;22
HMF001953A;22
HMF001967B;12
HMF002068A;16
HMF002108A;6
HMF002113A;21
HMF002123A;15
HMF002139A;14
HMF002243B;8
HMF002352A;24
HMF002362A;12
HMF002388B;10
HMF002469A;5
HMF002471A;26
HMF002486A;3
HMF002487A;20
HMF002508A;5
HMF002531A;8
HMF002563A;23
HMF002565A;17
HMF002624A;21
HMF002687A;2
HMF002718A;5
HMF002797A;11
HMF002819A;3
HMF002835B;24
HMF002837A;14
HMF002860A;14
HMF002867A;2
HMF002890A;28
HMF002892A;4
HMF002899A;6
HMF002903A;22
HMF003060A;15
HMF003098A;4
HMF003119A;12
HMF003166A;28
HMF003170A;24
HMF003229A;23
HMF003272A;26
HMF003359A;7
HMF003395A;22
HMF003467A;26
HMF003494A;10
HMF003506A;7
HMF003525A;12
HMF003584A;29
HMF003621A;19
HMF003633A;25
HMF003715A;15
HMF003721A;25
HMF003724A;6
HMF003741A;12
HMF003761A;16
HMF003788A;16
HMF003875A;25
HMF003898A;16
HMF003901A;16
HMF003929A;1
HMF003947A;18
HMF003976A;6
HMF004063A;3
HMF004110A;14
HMF004114A;20
HMF004175A;29
HMF004179A;4
HMF004198A;26
HMF004233A;29
HMF004241A;18
HMF004266A;17
HMF004269A;15
HMF004308A;25
HMF004353A;13
HMF004356A;16
HMF004389A;14
HMF004407A;10
HMF004427A;27
HMF004523A;22
HMF004760A;21
HMF004869A;12
HMF004901A;9
HMF004989A;4
HMF000256A;11
HMF000330A;23
HMF000405A;9
HMF000714A;21
HMF000798A;23
HMF000856B;8
HMF000977B;14
HMF001032A;23
HMF001045B;10
HMF001480A;8
HMF001568A;12
HMF001732A;20
HMF001854A;12
HMF001923A;18
HMF001929A;6
HMF001976A;13
HMF002018A;20
HMF002131A;14
HMF002210A;19
HMF002289A;24
HMF002377A;16
HMF002522A;27
HMF002633A;8
HMF002872A;11
HMF003068B;29
HMF003122A;9
HMF003179A;25
HMF003295B;13
HMF003679A;10
HMF003723A;11
HMF003834A;21
HMF004176A;24
HMF004335A;9
HMF004402A;24
HMF004790A;13
HMF004802A;19
HMF004835A;14
HMF004891A;23
HMF004903A;27
HMF004909A;11
HMF004913A;6
HMF004940A;17
HMF004954A;5
HMF005035A;10
HMF005105A;22
HMF005162A;20
HMF005173A;22
HMF005179A;23
HMF000185A;4
HMF000517A;24
HMF000571B;1
HMF000662A;21
HMF001122A;0
HMF001553A;2
HMF001712A;4
HMF001878A;2
HMF002304A;30
HMF002571A;2
HMF004411A;5
HMF004450A;2
HMF004458A;9
HMF004604A;3
HMF004619A;10
HMF004646A;3
HMF004780A;3
HMF004799A;6
HMF004852A;4
HMF004910A;19
HMF004952A;22
HMF004966A;14
HMF005004A;22
HMF005024A;6
HMF005088A;18
HMF000009A;14
HMF000018A;28
HMF000024A;4
HMF000026A;20
HMF000028B;18
HMF000052A;25
HMF000058A;23
HMF000059A;18
HMF000071A;27
HMF000094A;9
HMF000111A;24
HMF000113A;17
HMF000122A;11
HMF000126A;9
HMF000127A;26
HMF000128A;24
HMF000154B;24
HMF000161A;24
HMF000164A;23
HMF000168A;26
HMF000178A;20
HMF000187A;15
HMF000203A;29
HMF000208A;22
HMF000225A;31
HMF000257A;26
HMF000262A;22
HMF000271B;18
HMF000290B;24
HMF000293A;19
HMF000307C;25
HMF000308A;27
HMF000338A;16
HMF000340A;26
HMF000347A;22
HMF000350B;28
HMF000356A;17
HMF000438A;25
HMF000446A;25
HMF000448A;21
HMF000463A;21
HMF000470A;23
HMF000478A;21
HMF000491A;21
HMF000505A;27
HMF000506A;26
HMF000519A;23
HMF000520A;29
HMF000540A;8
HMF000549A;28
HMF000593A;24
HMF000600A;30
HMF000621A;28
HMF000669A;20
HMF000675A;27
HMF000681A;25
HMF000686A;17
HMF000690B;23
HMF000698A;22
HMF000703B;28
HMF000723A;26
HMF000758A;26
HMF000775A;15
HMF000777A;9
HMF000786A;21
HMF000789A;22
HMF000791A;29
HMF000854B;23
HMF000866A;16
HMF000885A;12
HMF000912A;14
HMF000931A;13
HMF000933A;15
HMF000942A;21
HMF000976A;27
HMF000991B;15
HMF001050A;20
HMF001091A;26
HMF001124A;21
HMF001149A;21
HMF001150A;16
HMF001152A;25
HMF001170A;22
HMF001175A;21
HMF001179A;7
HMF001187A;19
HMF001245B;29
HMF001266A;7
HMF001278A;26
HMF001281A;26
HMF001288A;2
HMF001290A;7
HMF001309A;14
HMF001313A;21
HMF001372A;20
HMF001392A;8
HMF001393A;12
HMF001400A;4
HMF001421A;27
HMF001442B;24
HMF001482A;22
HMF001517A;4
HMF001519A;6
HMF001528A;20
HMF001549A;24
HMF001557A;13
HMF001558A;24
HMF001563A;20
HMF001566A;22
HMF001567A;28
HMF001578A;10
HMF001586A;22
HMF001629A;21
HMF001637A;15
HMF001648A;27
HMF001676A;23
HMF001693A;22
HMF001694A;21
HMF001737A;29
HMF001738A;25
HMF001740A;11
HMF001769A;28
HMF001784A;25
HMF001792A;22
HMF001793A;26
HMF001844A;12
HMF001848A;22
HMF001857A;25
HMF001864A;12
HMF001883A;24
HMF001895A;15
HMF001917A;25
HMF001919A;11
HMF001958A;20
HMF001983A;10
HMF002013A;26
HMF002028B;14
HMF002047A;22
HMF002049A;20
HMF002070A;6
HMF002074A;32
HMF002077A;23
HMF002084A;27
HMF002136A;20
HMF002157A;28
HMF002159A;23
HMF002164A;20
HMF002165A;20
HMF002191A;28
HMF002208B;17
HMF002238A;28
HMF002248A;27
HMF002249A;24
HMF002264A;1
HMF002269A;25
HMF002271A;23
HMF002308A;14
HMF002330A;22
HMF002381A;29
HMF002419A;15
HMF002420A;12
HMF002423A;13
HMF002425A;20
HMF002459A;25
HMF002477A;28
HMF002499A;16
HMF002500A;27
HMF002512A;21
HMF002519A;29
HMF002525A;28
HMF002548A;24
HMF002576A;18
HMF002585A;15
HMF002590A;23
HMF002610A;18
HMF002631A;20
HMF002662A;27
HMF002668A;24
HMF002689A;28
HMF002693A;6
HMF002698A;20
HMF002715A;14
HMF002716A;21
HMF002731A;21
HMF002736A;12
HMF002752A;22
HMF002762A;18
HMF002763A;24
HMF002778A;7
HMF002779A;12
HMF002781A;18
HMF002783A;20
HMF002786A;25
HMF002803A;22
HMF002816A;27
HMF002829A;20
HMF002842A;20
HMF002855A;27
HMF002883A;26
HMF002893A;24
HMF002894A;25
HMF002906A;25
HMF002911A;2
HMF002914A;18
HMF002927A;14
HMF002931A;13
HMF002939A;24
HMF002940A;25
HMF002944A;19
HMF002946A;16
HMF002958A;7
HMF002972A;16
HMF002977A;26
HMF002983A;5
HMF003005A;11
HMF003010A;26
HMF003024A;17
HMF003027A;25
HMF003085A;23
HMF003118A;24
HMF003126A;11
HMF003129A;16
HMF003138A;12
HMF003147A;22
HMF003224A;27
HMF003228A;28
HMF003233A;27
HMF003243A;11
HMF003270B;25
HMF003290A;25
HMF003307A;23
HMF003327A;24
HMF003328A;20
HMF003336A;8
HMF003355A;19
HMF003372A;23
HMF003384A;23
HMF003408A;18
HMF003416A;21
HMF003428A;0
HMF003439A;24
HMF003441A;12
HMF003457A;20
HMF003462A;16
HMF003486A;24
HMF003514A;21
HMF003544A;24
HMF003550A;26
HMF003552A;23
HMF003553A;17
HMF003554A;23
HMF003557A;15
HMF003600A;27
HMF003602A;17
HMF003603A;12
HMF003604A;23
HMF003605A;13
HMF003609A;24
HMF003622A;18
HMF003643A;23
HMF003644A;14
HMF003648B;23
HMF003649A;20
HMF003660A;19
HMF003689A;21
HMF003700A;27
HMF003739A;25
HMF003749A;20
HMF003769A;12
HMF003775A;13
HMF003785A;23
HMF003787A;12
HMF003797A;25
HMF003811A;27
HMF003812A;14
HMF003813A;19
HMF003823A;10
HMF003827A;32
HMF003841A;20
HMF003844A;28
HMF003857A;25
HMF003858A;15
HMF003859A;25
HMF003867A;23
HMF003869A;28
HMF003876A;22
HMF003878A;25
HMF003880B;0
HMF003889A;22
HMF003897A;22
HMF003902A;26
HMF003913A;25
HMF003916A;9
HMF003920A;27
HMF003927A;26
HMF003932A;23
HMF003934A;22
HMF003940A;24
HMF003941A;11
HMF003945A;12
HMF003950A;22
HMF003952A;19
HMF003961A;29
HMF003963A;18
HMF003964A;25
HMF003966A;24
HMF003973A;25
HMF003979A;31
HMF003982A;20
HMF003999A;19
HMF004005B;24
HMF004008A;27
HMF004017A;24
HMF004019A;12
HMF004022A;20
HMF004026A;21
HMF004027A;21
HMF004048A;18
HMF004052A;24
HMF004058A;26
HMF004066A;27
HMF004089A;27
HMF004096A;15
HMF004102A;25
HMF004103A;24
HMF004107A;25
HMF004115A;8
HMF004122A;16
HMF004124A;20
HMF004132A;25
HMF004133B;22
HMF004134A;22
HMF004137B;17
HMF004139A;23
HMF004144A;6
HMF004149A;11
HMF004153A;29
HMF004159A;29
HMF004168A;25
HMF004177B;24
HMF004178A;19
HMF004180A;21
HMF004182A;15
HMF004183A;25
HMF004188A;19
HMF004190A;25
HMF004195A;22
HMF004196A;15
HMF004201A;24
HMF004202A;25
HMF004203B;25
HMF004213B;26
HMF004219A;27
HMF004226A;23
HMF004243A;24
HMF004247A;27
HMF004253A;0
HMF004254A;27
HMF004263A;24
HMF004270A;11
HMF004273A;3
HMF004275A;17
HMF004279A;19
HMF004280A;25
HMF004281A;15
HMF004282A;23
HMF004285A;21
HMF004288A;21
HMF004299A;13
HMF004304A;17
HMF004305A;27
HMF004310A;26
HMF004312A;11
HMF004316A;26
HMF004319A;23
HMF004320A;24
HMF004326B;23
HMF004328A;11
HMF004336A;27
HMF004342A;26
HMF004344A;25
HMF004350A;21
HMF004359A;21
HMF004369A;30
HMF004370A;24
HMF004379A;21
HMF004380A;12
HMF004382A;25
HMF004388A;27
HMF004399A;25
HMF004415A;26
HMF004418A;19
HMF004419A;20
HMF004421A;26
HMF004433A;28
HMF004446A;16
HMF004449A;27
HMF004452A;21
HMF004457A;13
HMF004459A;9
HMF004469A;25
HMF004470B;25
HMF004478A;20
HMF004481A;25
HMF004488A;15
HMF004489A;27
HMF004491B;26
HMF004505A;20
HMF004513A;18
HMF004519A;30
HMF004524A;20
HMF004532B;11
HMF004533A;17
HMF004541A;29
HMF004545B;31
HMF004555A;16
HMF004558A;27
HMF004568A;22
HMF004581B;15
HMF004603A;28
HMF004611A;25
HMF004613A;22
HMF004621A;13
HMF004626A;14
HMF004631A;29
HMF004636A;17
HMF004653A;21
HMF004655A;15
HMF004662A;8
HMF004669A;18
HMF004671A;14
HMF004676A;7
HMF004679A;14
HMF004694A;26
HMF004696A;22
HMF004706A;18
HMF004709A;13
HMF004715A;16
HMF004725A;24
HMF004728A;23
HMF004731A;25
HMF004732A;14
HMF004747A;24
HMF004755A;24
HMF004768A;28
HMF004779A;30
HMF004784A;25
HMF004785A;16
HMF004795A;23
HMF004814A;11
HMF004825A;21
HMF004826A;28
HMF004838A;22
HMF004839A;29
HMF004840A;21
HMF004845A;13
HMF004846A;23
HMF004849A;31
HMF004857A;12
HMF004859A;23
HMF004887A;24
HMF004894A;25
HMF004900A;25
HMF004908A;30
HMF004917A;14
HMF004921A;24
HMF004928A;24
HMF004931A;30
HMF004945A;11
HMF004948A;21
HMF004949A;24
HMF004955A;23
HMF004963A;22
HMF004964A;24
HMF004967A;28
HMF004969A;24
HMF004986A;33
HMF004987A;9
HMF004990A;26
HMF005002A;20
HMF005013A;25
HMF005018A;20
HMF005025A;26
HMF005027A;26
HMF005028A;24
HMF005034A;26
HMF005042A;24
HMF005046A;4
HMF005069A;22
HMF005070A;25
HMF005076A;27
HMF005078A;24
HMF005080A;22
HMF005087A;26
HMF005091A;24
HMF005095A;21
HMF005098A;25
HMF005122A;5
HMF005136A;12
HMF005138A;15
HMF005140A;17
HMF005142A;27
HMF005148A;18
HMF005149A;25
HMF005155A;25
HMF005159A;22
HMF005163A;27
HMF005164A;13
HMF005168A;20
HMF005169A;23
HMF005177A;26
HMF000019B;20
HMF000034A;5
HMF000057A;19
HMF000064A;4
HMF000069A;10
HMF000070A;16
HMF000080A;2
HMF000123A;20
HMF000125A;18
HMF000194A;14
HMF000201A;4
HMF000223A;22
HMF000242A;18
HMF000243A;22
HMF000280A;14
HMF000311A;22
HMF000375A;1
HMF000422A;14
HMF000449A;19
HMF000508A;23
HMF000509A;27
HMF000511A;17
HMF000524A;2
HMF000543A;20
HMF000586A;30
HMF000613B;8
HMF000643A;7
HMF000654A;22
HMF000676A;24
HMF000684A;26
HMF000776A;23
HMF000884A;19
HMF000892A;26
HMF000926A;26
HMF000980A;22
HMF001077A;1
HMF001093A;19
HMF001102B;21
HMF001136A;22
HMF001151A;17
HMF001159A;7
HMF001177A;6
HMF001196A;24
HMF001208A;19
HMF001224A;26
HMF001229A;23
HMF001243A;24
HMF001292A;9
HMF001305A;14
HMF001312A;9
HMF001335A;20
HMF001375A;24
HMF001380A;2
HMF001389A;15
HMF001437A;25
HMF001462A;10
HMF001509A;20
HMF001584A;21
HMF001589A;22
HMF001617A;18
HMF001673A;0
HMF001680A;23
HMF001728A;16
HMF001788A;20
HMF001863A;22
HMF001906A;25
HMF001921A;10
HMF001949A;24
HMF001973A;21
HMF002016A;12
HMF002038A;7
HMF002078A;25
HMF002158A;15
HMF002161A;26
HMF002168A;25
HMF002173A;15
HMF002184A;17
HMF002200A;13
HMF002212A;11
HMF002251A;16
HMF002316A;21
HMF002356A;25
HMF002404A;16
HMF002413A;20
HMF002416A;9
HMF002439A;5
HMF002496A;14
HMF002504A;25
HMF002520B;0
HMF002534A;9
HMF002544A;12
HMF002550A;23
HMF002582A;17
HMF002586A;19
HMF002598A;22
HMF002648A;25
HMF002654A;27
HMF002670A;30
HMF002691A;23
HMF002714A;26
HMF002717A;6
HMF002751A;10
HMF002780A;29
HMF002825A;26
HMF002838A;5
HMF002839A;21
HMF002858A;8
HMF002902A;26
HMF002905A;15
HMF002954A;22
HMF003004A;11
HMF003013A;27
HMF003018A;12
HMF003031A;28
HMF003042A;9
HMF003082A;20
HMF003084A;14
HMF003172A;28
HMF003205A;20
HMF003217A;23
HMF003245A;15
HMF003253A;21
HMF003260A;26
HMF003292A;20
HMF003302A;28
HMF003329A;13
HMF003335A;26
HMF003403A;23
HMF003412A;23
HMF003430A;16
HMF003458A;2
HMF003496A;21
HMF003556A;28
HMF003560A;22
HMF003668A;13
HMF003688A;21
HMF003949A;20
HMF004053A;21
HMF004087A;11
HMF004092A;22
HMF004105A;21
HMF004231A;30
HMF004245A;0
HMF004309A;24
HMF004396A;15
HMF004431A;6
HMF004432A;22
HMF004577A;23
HMF004601A;25
HMF004612A;0
HMF004650A;16
HMF004672A;18
HMF004692A;18
HMF004758A;17
HMF004832A;16
HMF004842A;2
HMF004851A;25
HMF004879A;21
HMF004907A;0
HMF004974A;2
HMF004991A;22
HMF005012A;23
HMF005015A;24
HMF005019A;24
HMF005075B;2
HMF005083A;18
HMF005126A;17
HMF005167A;28
HMF000051A;7
HMF000092A;18
HMF000102A;12
HMF000120A;10
HMF000163A;24
HMF000210A;18
HMF000237A;11
HMF000363A;26
HMF000488A;28
HMF000542A;10
HMF000563A;26
HMF000603A;11
HMF000607A;21
HMF000636A;27
HMF000645A;12
HMF000796A;25
HMF000801A;24
HMF000808A;12
HMF000868A;28
HMF000970A;11
HMF000971A;9
HMF001197A;25
HMF001231A;23
HMF001285A;14
HMF001350A;11
HMF001394A;23
HMF001483A;14
HMF001518A;27
HMF001717A;14
HMF001753A;18
HMF001807A;11
HMF001814A;24
HMF001865A;26
HMF001874A;31
HMF001934A;24
HMF002008A;13
HMF002019A;25
HMF002221A;12
HMF002322A;12
HMF002334A;26
HMF002336A;21
HMF002382A;21
HMF002445A;22
HMF002456A;1
HMF002523A;20
HMF002572A;7
HMF002574A;19
HMF002601A;20
HMF002640A;11
HMF002659A;17
HMF002700A;14
HMF002738A;12
HMF002881A;11
HMF002981A;15
HMF003012A;12
HMF003045A;10
HMF003150A;20
HMF003175A;24
HMF003193A;6
HMF003347A;11
HMF003375A;15
HMF003501A;25
HMF003521A;17
HMF003530A;18
HMF003535B;8
HMF003536A;26
HMF003547A;28
HMF003594A;6
HMF003613A;25
HMF003630A;23
HMF003646A;25
HMF003693A;21
HMF003768A;10
HMF004074A;11
HMF004222A;16
HMF004238A;22
HMF004318A;7
HMF004496A;26
HMF004497A;9
HMF004548A;15
HMF004597A;6
HMF004639A;27
HMF004831A;13
HMF004837A;25
HMF004864A;20
HMF004865A;23
HMF004888A;22
HMF004935A;23
HMF004958A;23
HMF004961A;15
HMF004975A;19
HMF005001A;22
HMF005023A;18
HMF005038A;24
HMF005049A;7
HMF005050A;15
HMF005051A;9
HMF005053A;23
HMF005176A;9
HMF000033A;20
HMF000660A;3
HMF000739A;4
HMF000762A;22
HMF000783A;18
HMF000837A;20
HMF001008A;21
HMF001090A;9
HMF001185A;12
HMF001240A;22
HMF001355A;14
HMF001460B;16
HMF001560A;21
HMF001603A;24
HMF001815A;17
HMF002183A;24
HMF002347A;23
HMF002354A;20
HMF002394A;27
HMF002533A;20
HMF002546A;2
HMF002607A;20
HMF002614A;18
HMF002758A;16
HMF002961A;19
HMF003032A;18
HMF003111A;20
HMF003239A;19
HMF003351A;22
HMF003590A;12
HMF003636A;19
HMF003734A;12
HMF004041A;21
HMF004051A;6
HMF004225A;22
HMF004445A;13
HMF004970A;20
HMF005043A;14
HMF000002A;14
HMF000005A;23
HMF000007A;17
HMF000010A;6
HMF000016A;24
HMF000017A;7
HMF000046A;10
HMF000050A;27
HMF000053A;22
HMF000079A;26
HMF000114A;8
HMF000115A;29
HMF000121A;19
HMF000141A;9
HMF000162A;25
HMF000174A;7
HMF000181A;21
HMF000191A;16
HMF000197A;11
HMF000205A;8
HMF000212A;8
HMF000222B;24
HMF000238A;7
HMF000249A;18
HMF000260A;25
HMF000279A;15
HMF000312A;19
HMF000332A;20
HMF000335A;8
HMF000351A;19
HMF000376B;25
HMF000377A;6
HMF000384A;7
HMF000391B;20
HMF000414A;32
HMF000421A;21
HMF000429A;16
HMF000430A;26
HMF000445A;2
HMF000447A;26
HMF000458B;21
HMF000464A;9
HMF000474A;31
HMF000475A;20
HMF000482A;11
HMF000489A;20
HMF000501C;4
HMF000526A;24
HMF000536A;4
HMF000548A;11
HMF000551B;12
HMF000565A;24
HMF000574A;22
HMF000589B;27
HMF000599A;15
HMF000609A;23
HMF000615B;30
HMF000635A;25
HMF000652A;22
HMF000663A;21
HMF000677A;4
HMF000679B;20
HMF000685A;22
HMF000696A;13
HMF000705A;22
HMF000740A;21
HMF000755A;26
HMF000759A;24
HMF000790B;24
HMF000803A;26
HMF000805A;25
HMF000812B;8
HMF000822A;17
HMF000826B;13
HMF000832C;25
HMF000840B;28
HMF000847A;5
HMF000864A;17
HMF000875A;12
HMF000879A;13
HMF000881C;8
HMF000902A;27
HMF000918A;25
HMF000938A;25
HMF000945A;21
HMF000956A;7
HMF000960A;31
HMF000975A;15
HMF000983A;4
HMF000986A;9
HMF000995A;2
HMF000996B;21
HMF001024A;4
HMF001037A;9
HMF001039A;29
HMF001047A;24
HMF001058A;16
HMF001071A;8
HMF001098A;21
HMF001111A;5
HMF001112A;17
HMF001113A;4
HMF001129A;24
HMF001133A;17
HMF001137A;11
HMF001186A;7
HMF001189A;28
HMF001216A;19
HMF001217A;19
HMF001220A;28
HMF001239A;23
HMF001241A;23
HMF001250A;6
HMF001260A;24
HMF001295A;13
HMF001304A;4
HMF001325A;21
HMF001337A;5
HMF001344B;11
HMF001357A;8
HMF001361A;27
HMF001378B;23
HMF001398A;5
HMF001410B;12
HMF001411A;26
HMF001412A;8
HMF001440A;23
HMF001442A;6
HMF001450A;26
HMF001456A;3
HMF001476A;15
HMF001477A;22
HMF001485A;13
HMF001494A;28
HMF001495A;9
HMF001506A;4
HMF001526A;8
HMF001537A;5
HMF001539A;8
HMF001543A;11
HMF001547A;23
HMF001570A;23
HMF001571A;7
HMF001572A;16
HMF001592B;22
HMF001596B;3
HMF001623A;20
HMF001627A;21
HMF001631A;7
HMF001636B;7
HMF001682B;7
HMF001691A;23
HMF001697A;11
HMF001720A;27
HMF001726A;25
HMF001731A;25
HMF001758A;20
HMF001790A;23
HMF001805A;26
HMF001806E;27
HMF001817A;18
HMF001821A;17
HMF001839A;11
HMF001866A;8
HMF001867A;13
HMF001885A;9
HMF001890A;25
HMF001897A;25
HMF001899A;20
HMF001909A;22
HMF001913A;10
HMF001925B;14
HMF001938A;27
HMF001972A;23
HMF001985A;22
HMF001986A;4
HMF001991A;9
HMF002026A;16
HMF002029A;19
HMF002065A;14
HMF002067A;26
HMF002071A;23
HMF002079A;23
HMF002092A;11
HMF002094A;26
HMF002106A;26
HMF002110A;18
HMF002127A;23
HMF002145B;24
HMF002156A;21
HMF002177A;6
HMF002186A;9
HMF002187A;21
HMF002189A;9
HMF002198A;26
HMF002207A;20
HMF002217A;21
HMF002235A;20
HMF002253A;26
HMF002260A;4
HMF002262A;8
HMF002279A;32
HMF002297A;31
HMF002299A;6
HMF002310A;23
HMF002313A;21
HMF002317A;17
HMF002337A;24
HMF002340A;26
HMF002374A;24
HMF002376A;7
HMF002389A;7
HMF002390A;10
HMF002421A;8
HMF002427A;9
HMF002434A;9
HMF002468A;5
HMF002476A;25
HMF002498A;8
HMF002505A;24
HMF002517A;25
HMF002518A;28
HMF002536A;7
HMF002537A;10
HMF002547A;11
HMF002564A;28
HMF002580A;6
HMF002581B;24
HMF002593A;12
HMF002630A;24
HMF002663B;9
HMF002665A;22
HMF002672A;15
HMF002674A;11
HMF002690A;6
HMF002699A;6
HMF002710A;20
HMF002712A;23
HMF002730A;15
HMF002802A;4
HMF002853A;23
HMF002916A;24
HMF002925A;5
HMF002930A;25
HMF002943A;33
HMF002964A;23
HMF002971A;18
HMF002989A;24
HMF003006A;19
HMF003020A;24
HMF003028A;22
HMF003036A;17
HMF003050A;3
HMF003063A;25
HMF003074B;2
HMF003081A;23
HMF003088A;24
HMF003103A;10
HMF003114A;11
HMF003130A;6
HMF003142A;25
HMF003143A;13
HMF003152A;25
HMF003159A;23
HMF003161A;9
HMF003178A;13
HMF003186A;16
HMF003190A;30
HMF003192A;25
HMF003244A;18
HMF003266A;16
HMF003268A;24
HMF003279A;25
HMF003282A;23
HMF003299A;20
HMF003320A;11
HMF003341A;23
HMF003379A;8
HMF003407A;10
HMF003440A;27
HMF003478A;20
HMF003537A;13
HMF003541A;27
HMF003551A;9
HMF003582A;10
HMF003585A;24
HMF003597A;11
HMF003598A;7
HMF003617A;7
HMF003628A;28
HMF003638A;21
HMF003639A;8
HMF003642A;25
HMF003647A;26
HMF003658A;13
HMF003692A;9
HMF003707A;6
HMF003728A;2
HMF003732A;12
HMF003733A;13
HMF003756A;15
HMF003764A;13
HMF003789A;5
HMF003798A;24
HMF003801A;24
HMF003816A;15
HMF003821A;25
HMF003822A;25
HMF003826A;19
HMF003830A;24
HMF003838A;14
HMF003842A;10
HMF003862A;10
HMF003883A;26
HMF003885A;23
HMF003887A;8
HMF003893A;9
HMF003899A;11
HMF003903A;9
HMF003910A;5
HMF003914A;17
HMF003918A;26
HMF003923A;24
HMF003936A;24
HMF003937A;24
HMF003942A;23
HMF003944A;10
HMF003946A;18
HMF003948A;18
HMF003959A;22
HMF003960A;14
HMF003969A;25
HMF003984A;10
HMF003985A;27
HMF003990A;20
HMF004001A;10
HMF004002A;27
HMF004044A;8
HMF004047B;20
HMF004049A;19
HMF004050A;6
HMF004057A;15
HMF004070A;10
HMF004083A;24
HMF004085A;20
HMF004091A;28
HMF004100A;25
HMF004109A;8
HMF004113A;23
HMF004118A;5
HMF004160A;4
HMF004164A;6
HMF004189A;5
HMF004192A;4
HMF004193A;26
HMF004216A;19
HMF004221B;5
HMF004223A;17
HMF004228A;11
HMF004229A;24
HMF004234A;11
HMF004242A;21
HMF004258A;20
HMF004284A;11
HMF004292A;6
HMF004295B;22
HMF004300A;7
HMF004348A;8
HMF004349A;5
HMF004351A;7
HMF004355A;8
HMF004363A;21
HMF004373B;25
HMF004374A;8
HMF004377A;9
HMF004387A;27
HMF004417A;24
HMF004441A;11
HMF004443A;11
HMF004455A;8
HMF004464A;31
HMF004512A;8
HMF004591A;27
HMF004661A;6
HMF004724A;26
HMF004749A;27
HMF004751A;17
HMF004767A;25
HMF004798A;24
HMF004805A;24
HMF004822A;20
HMF004824A;6
HMF004847A;24
HMF004867A;20
HMF004882A;25
HMF004902A;6
HMF004943A;12
HMF005029A;6
HMF005065A;23
HMF005077A;24
HMF005084A;24
HMF005112A;24
HMF005117A;22
HMF005166A;26
HMF000004A;27
HMF000027A;25
HMF000030A;10
HMF000076A;20
HMF000078B;13
HMF000083A;23
HMF000090A;25
HMF000097A;9
HMF000107A;21
HMF000109A;26
HMF000149A;4
HMF000160A;5
HMF000173A;19
HMF000183A;22
HMF000206A;25
HMF000214A;22
HMF000219A;24
HMF000232A;8
HMF000253A;12
HMF000267A;11
HMF000274A;14
HMF000299A;31
HMF000300B;5
HMF000304A;15
HMF000313A;14
HMF000336A;26
HMF000346A;7
HMF000367A;5
HMF000389A;18
HMF000418A;23
HMF000427A;15
HMF000450A;15
HMF000518A;7
HMF000525A;10
HMF000535A;14
HMF000539A;11
HMF000564A;15
HMF000580A;7
HMF000584A;12
HMF000592A;16
HMF000597A;7
HMF000608A;17
HMF000610A;16
HMF000639A;11
HMF000640A;14
HMF000725A;11
HMF000743A;16
HMF000744A;29
HMF000750A;20
HMF000765A;14
HMF000767A;13
HMF000782A;21
HMF000792A;22
HMF000804A;23
HMF000844A;26
HMF000846A;9
HMF000855A;29
HMF000865A;10
HMF000876B;16
HMF000878A;25
HMF000880A;23
HMF000897A;18
HMF000973A;27
HMF000979A;26
HMF001013A;18
HMF001014A;10
HMF001052A;8
HMF001057A;11
HMF001067A;26
HMF001075A;12
HMF001100A;11
HMF001110A;20
HMF001114A;6
HMF001120A;12
HMF001147A;13
HMF001154A;21
HMF001162A;21
HMF001173A;24
HMF001182A;12
HMF001188A;21
HMF001218A;7
HMF001222A;8
HMF001253B;15
HMF001254A;9
HMF001261A;12
HMF001272B;27
HMF001308A;25
HMF001324A;27
HMF001353A;11
HMF001367A;27
HMF001368A;5
HMF001387A;14
HMF001441A;20
HMF001445A;27
HMF001448A;25
HMF001449A;14
HMF001469A;11
HMF001507A;24
HMF001534A;9
HMF001551A;11
HMF001605B;8
HMF001620A;26
HMF001645A;6
HMF001662A;11
HMF001743A;8
HMF001746A;7
HMF001748A;24
HMF001751A;7
HMF001770A;25
HMF001782A;7
HMF001795A;24
HMF001809A;18
HMF001822B;24
HMF001828A;13
HMF001846A;7
HMF001879A;12
HMF001898A;8
HMF001914A;16
HMF001920A;7
HMF001977B;17
HMF001978A;22
HMF002006A;12
HMF002015A;27
HMF002040A;4
HMF002095A;8
HMF002101A;10
HMF002130A;5
HMF002134A;12
HMF002141A;8
HMF002142A;12
HMF002153A;23
HMF002169A;15
HMF002175A;16
HMF002178A;21
HMF002180A;9
HMF002182A;22
HMF002188A;11
HMF002202A;18
HMF002218A;28
HMF002219A;12
HMF002227A;18
HMF002231A;14
HMF002234A;24
HMF002243A;9
HMF002254A;21
HMF002259A;5
HMF002286A;12
HMF002287A;20
HMF002314A;18
HMF002321A;24
HMF002328A;16
HMF002333A;7
HMF002346A;10
HMF002379A;12
HMF002383A;23
HMF002387A;22
HMF002458A;10
HMF002503A;22
HMF002506B;13
HMF002514A;24
HMF002527A;27
HMF002545A;26
HMF002557A;6
HMF002566A;10
HMF002587A;14
HMF002591A;10
HMF002603A;22
HMF002622A;19
HMF002636B;19
HMF002661A;25
HMF002681A;6
HMF002683A;13
HMF002707A;13
HMF002733A;27
HMF002740A;13
HMF002749A;18
HMF002768A;7
HMF002773A;26
HMF002774A;23
HMF002791A;26
HMF002808A;15
HMF002815A;6
HMF002820A;8
HMF002849A;12
HMF002856A;23
HMF002866A;28
HMF002868A;8
HMF002870A;23
HMF002879A;20
HMF002936A;19
HMF002956A;7
HMF002969A;24
HMF002996A;18
HMF002997A;19
HMF003011A;13
HMF003079A;28
HMF003093B;8
HMF003094A;9
HMF003109A;29
HMF003112A;15
HMF003121A;4
HMF003124A;13
HMF003162A;8
HMF003171A;25
HMF003176A;19
HMF003184A;26
HMF003196A;26
HMF003212A;14
HMF003258A;12
HMF003261A;10
HMF003281A;26
HMF003330A;23
HMF003350A;10
HMF003421A;26
HMF003423A;9
HMF003442A;11
HMF003455A;7
HMF003495A;22
HMF003497A;12
HMF003583A;8
HMF003607A;25
HMF003635A;7
HMF003657A;12
HMF003659A;23
HMF003680A;17
HMF003695A;12
HMF003698A;24
HMF003705A;22
HMF003714A;5
HMF003718A;27
HMF003740A;14
HMF003755A;10
HMF003760A;28
HMF003762A;23
HMF003806A;14
HMF003835A;5
HMF003840A;18
HMF003852A;13
HMF003856A;16
HMF003860A;14
HMF003864A;7
HMF003868A;8
HMF003886A;23
HMF003890A;20
HMF003894A;6
HMF003912A;25
HMF003922A;12
HMF003924A;26
HMF003926A;22
HMF003930A;19
HMF003943A;10
HMF003953A;26
HMF003967A;9
HMF003998A;20
HMF004011A;26
HMF004080A;24
HMF004088A;24
HMF004108A;15
HMF004125A;23
HMF004146A;26
HMF004161A;6
HMF004165A;14
HMF004166A;6
HMF004167A;10
HMF004169A;8
HMF004204A;34
HMF004205A;11
HMF004207A;22
HMF004217A;12
HMF004230A;20
HMF004235A;23
HMF004250A;3
HMF004265A;28
HMF004271A;18
HMF004274A;16
HMF004291A;19
HMF004294A;28
HMF004301A;16
HMF004314A;19
HMF004329A;28
HMF004332A;31
HMF004340A;15
HMF004343A;7
HMF004345A;29
HMF004347A;14
HMF004352A;28
HMF004383A;12
HMF004392A;11
HMF004403A;29
HMF004498A;9
HMF004510A;13
HMF004556A;13
HMF004559A;20
HMF004587A;20
HMF004598A;26
HMF004719A;15
HMF004733A;11
HMF004818A;9
HMF004883A;8
HMF004911A;15
HMF005092A;20
HMF005157A;12
HMF005158A;7
HMF000095A;30
HMF000155A;21
HMF000386A;26
HMF000409A;22
HMF000455A;28
HMF000473A;18
HMF000590A;21
HMF000883A;13
HMF000946A;16
HMF001007A;21
HMF001043A;21
HMF001135A;13
HMF001595A;28
HMF001808A;17
HMF001911A;3
HMF001981A;3
HMF002033A;19
HMF002150A;16
HMF002282A;27
HMF002288A;22
HMF002406A;19
HMF002430A;25
HMF002497A;15
HMF002541A;17
HMF002713A;7
HMF002760A;2
HMF002875A;1
HMF002880A;22
HMF002898A;22
HMF003007A;26
HMF003039A;19
HMF003106A;25
HMF003135A;23
HMF003257A;19
HMF003294A;14
HMF003475B;23
HMF003611A;19
HMF003874A;13
HMF004272A;14
HMF004680A;23
HMF004717A;21
HMF004721A;2
HMF004808A;13
HMF000315A;17
HMF000653A;11
HMF001251A;6
HMF001766A;15
HMF001894A;5
HMF001939A;13
HMF001990A;2
HMF002650A;15
HMF002678A;18
HMF002753A;11
HMF002754A;2
HMF002770A;25
HMF002978A;20
HMF003165A;22
HMF003293A;6
HMF003396A;9
HMF003991A;25
HMF004151A;11
HMF004186A;9
HMF004211A;1
HMF004483A;7
HMF004972A;17
HMF000040A;8
HMF000138A;13
HMF000316B;19
HMF000434A;24
HMF000472B;3
HMF000557A;21
HMF000633A;22
HMF000748A;17
HMF000825A;19
HMF001141A;7
HMF001268B;9
HMF001582A;25
HMF001643A;27
HMF001683A;23
HMF001950A;23
HMF002030A;9
HMF002031A;26
HMF002046A;6
HMF002066B;29
HMF002076A;25
HMF002843A;19
HMF003022A;9
HMF003259A;20
HMF003381A;15
HMF003393A;9
HMF003410A;15
HMF003631A;3
HMF003716A;6
HMF004020A;10
HMF004069A;20
HMF004191A;25
HMF004331A;10
HMF004372A;5
HMF004681A;13
HMF004817A;23
HMF004912A;18
HMF004984A;14
HMF005093A;9
HMF005175A;21
HMF000060A;25
HMF000061B;24
HMF000108A;26
HMF000129A;28
HMF000134A;6
HMF000140A;24
HMF000172A;12
HMF000188A;10
HMF000227A;26
HMF000236A;22
HMF000244A;12
HMF000282A;28
HMF000319B;30
HMF000324A;7
HMF000352A;16
HMF000361A;15
HMF000385A;5
HMF000394A;2
HMF000513A;11
HMF000516B;30
HMF000531A;18
HMF000575A;28
HMF000582A;7
HMF000591A;21
HMF000634A;11
HMF000678A;21
HMF000691A;25
HMF000711A;24
HMF000754A;27
HMF000764A;16
HMF000819A;16
HMF000849A;11
HMF000877A;12
HMF000917A;20
HMF000969A;24
HMF000999A;22
HMF001054A;23
HMF001080A;23
HMF001201A;28
HMF001233A;30
HMF001283A;15
HMF001286B;23
HMF001363A;23
HMF001399A;26
HMF001435A;9
HMF001436A;24
HMF001488A;26
HMF001514A;31
HMF001523A;22
HMF001638A;30
HMF001668B;8
HMF001687A;21
HMF001692A;18
HMF001716A;13
HMF001719B;23
HMF001887A;27
HMF002041A;24
HMF002069B;21
HMF002089A;28
HMF002132A;7
HMF002163B;12
HMF002211A;25
HMF002305A;11
HMF002326A;20
HMF002344A;18
HMF002367A;10
HMF002446A;22
HMF002465A;27
HMF002485A;28
HMF002553A;18
HMF002594A;24
HMF002597A;22
HMF002609A;12
HMF002613A;20
HMF002704A;25
HMF002711A;25
HMF002728A;10
HMF002732B;22
HMF002737A;26
HMF002771A;22
HMF002798A;21
HMF002812A;15
HMF002840A;10
HMF002844A;31
HMF002854A;27
HMF002889A;25
HMF002895A;26
HMF002909B;30
HMF002912A;26
HMF002924A;27
HMF002938A;19
HMF003021A;10
HMF003054A;27
HMF003083A;22
HMF003110A;24
HMF003160A;25
HMF003185A;24
HMF003191A;5
HMF003223A;28
HMF003275A;23
HMF003280B;18
HMF003308A;20
HMF003356A;25
HMF003434A;26
HMF003452A;17
HMF003463A;9
HMF003499A;22
HMF003524A;31
HMF003534A;14
HMF003571A;20
HMF003575A;10
HMF003655A;21
HMF003667A;26
HMF003751A;19
HMF003770A;4
HMF003791A;29
HMF003814A;28
HMF003853A;18
HMF003863A;24
HMF003865A;22
HMF003884A;23
HMF003891A;14
HMF003901B;18
HMF003908A;30
HMF003915B;15
HMF003925A;11
HMF003933A;21
HMF003939A;21
HMF003958A;18
HMF003971A;27
HMF003989A;14
HMF003996A;19
HMF004013A;4
HMF004084A;0
HMF004106A;26
HMF004117A;15
HMF004184A;21
HMF004200A;15
HMF004208A;27
HMF004220A;21
HMF004255A;23
HMF004257A;23
HMF004325A;26
HMF004337A;25
HMF004358A;6
HMF004361A;20
HMF004375A;5
HMF004385A;24
HMF004400A;25
HMF004422A;23
HMF004425A;27
HMF004426A;21
HMF004448A;21
HMF004480A;27
HMF004506A;9
HMF004507A;9
HMF004526A;28
HMF004529A;13
HMF004531A;23
HMF004574A;20
HMF004584A;21
HMF004594A;20
HMF004633A;22
HMF004710A;18
HMF004723A;25
HMF004771A;10
HMF004777A;32
HMF004792A;27
HMF004794A;22
HMF005003A;24
HMF005009A;31
HMF005085A;25
HMF005097A;12
HMF005113A;23
HMF005171A;14
HMF000065A;18
HMF000158B;11
HMF000199A;21
HMF000250A;19
HMF000457A;27
HMF000498A;4
HMF000573A;20
HMF001164A;19
HMF001168B;14
HMF001215A;24
HMF001362B;18
HMF001668A;9
HMF001747A;0
HMF001776A;21
HMF001800A;13
HMF002043A;16
HMF002300A;26
HMF002431A;1
HMF002595A;18
HMF002970A;5
HMF002982A;7
HMF003016A;21
HMF003097A;23
HMF003120A;16
HMF003198A;5
HMF003240B;2
HMF003321A;27
HMF003332A;10
HMF003432A;27
HMF003917A;22
HMF004054A;13
HMF004608A;5
HMF004834A;23
DO1000;21
DO1001;16
DO1002;14
DO1003;18
DO1004;25
DO1005;20
DO1007;32
DO1008;19
DO1009;13
DO1010;18
DO1011;18
DO1012;25
DO1014;15
DO1015;26
DO1016;21
DO1017;26
DO1018;17
DO1020;26
DO1076;8
DO1249;15
DO1257;5
DO1274;18
DO1281;22
DO1287;20
DO1290;22
DO1291;20
DO1301;10
DO1328;16
DO1384;23
DO1392;16
DO1537;17
DO1559;25
DO1663;9
DO1954;18
DO2055;24
DO2078;9
DO2084;6
DO2096;3
DO2114;10
DO217786;7
DO217787;10
DO217788;7
DO217826;16
DO217844;7
DO217865;13
DO217887;16
DO217907;25
DO217908;2
DO217931;15
DO217934;7
DO217939;7
DO217952;11
DO217953;11
DO217987;26
DO218059;3
DO218060;25
DO218062;9
DO218065;7
DO218072;4
DO218121;24
DO218150;16
DO218159;10
DO218167;13
DO218168;7
DO218173;21
DO218174;3
DO218176;10
DO218182;2
DO218205;9
DO218212;16
DO218254;13
DO218269;23
DO218333;20
DO218347;8
DO218377;5
DO218384;7
DO218388;9
DO218404;14
DO218408;9
DO218419;7
DO218428;23
DO218457;4
DO218478;5
DO218488;4
DO218489;32
DO218502;26
DO218506;26
DO218553;2
DO218560;18
DO218573;21
DO218583;5
DO218605;22
DO218611;5
DO218621;8
DO218651;9
DO218656;8
DO218669;16
DO218684;20
DO218698;8
DO218709;23
DO218742;14
DO218770;1
DO218796;27
DO218827;5
DO218828;25
DO218831;14
DO220820;2
DO220822;9
DO220823;12
DO220824;12
DO220825;18
DO220828;27
DO2222;12
DO2252;22
DO2323;18
DO2341;21
DO2455;15
DO2503;11
DO2509;20
DO2539;19
DO2551;20
DO2593;21
DO2629;22
DO2647;23
DO2694;21
DO2706;25
DO2712;11
DO2719;18
DO2783;15
DO2842;18
DO2897;23
DO2995;19
DO3037;9
DO3110;21
DO3140;11
DO3158;0
DO3182;18
DO3188;25
DO3352;6
DO3412;7
DO3458;25
DO3482;23
DO3500;6
DO3614;25
DO3662;15
DO3804;25
DO3840;26
DO3874;23
DO3958;13
DO4018;23
DO4036;24
DO4080;18
DO4138;15
DO4155;21
DO4185;23
DO4233;12
DO4359;16
DO44103;25
DO44111;13
DO44273;24
DO4449;21
DO4473;21
DO4635;22
DO4695;17
DO4719;6
DO4766;23
DO4796;26
DO5046;2
DO5200;30
DO5249;10
DO52538;17
DO52539;19
DO52540;18
DO52542;22
DO52543;25
DO52544;30
DO52545;29
DO52546;21
DO52548;26
DO52549;21
DO52550;21
DO52551;18
DO52552;17
DO52553;18
DO52554;20
DO52555;18
DO52556;20
DO52557;19
DO52558;22
DO52559;20
DO52560;25
DO52561;18
DO52562;21
DO5347;20
DO5626;20
DO5661;27
DO5696;19
DO5745;17
DO5808;24
DO6144;9
DO6231;23
DO44285;13
DO48977;19
DO48987;23
DO48991;6
DO48993;11
DO49001;25
DO49009;9
DO49014;19
DO49880;26
DO49954;5
DO49956;28
DO51592;22
DO51594;22
DO6249;24
DO6252;11
DO6255;17
DO6314;11
DO6332;5
DO217850;12
DO217864;9
DO218227;27
DO218351;7
DO218411;22
DO218417;13
DO218440;18
DO218491;22
DO218535;25
DO218550;26
DO218695;20
DO45231;8
DO45243;13
DO45245;21
DO45249;6
DO45251;5
DO45259;20
DO45283;23
DO45289;9
DO45291;12
DO45293;24
DO45297;12
DO45299;6
DO45301;10
DO45305;10
DO45307;28
DO10172;2
DO10486;4
DO10631;25
DO219106;23
DO36386;13
DO36431;14
DO36459;25
DO36556;2
DO36572;4
DO36619;17
DO36710;19
DO36801;26
DO36822;24
DO36945;24
DO36969;23
DO37074;24
DO37138;9
DO37259;20
DO37267;12
DO44086;24
DO44087;18
DO44088;18
DO44089;21
DO44091;19
DO44092;4
DO44093;11
DO44094;12
DO44095;21
DO7801;4
DO7822;2
DO7831;7
DO7858;8
DO7990;22
DO8004;23
DO8047;19
DO8264;2
DO8360;2
DO8658;9
DO8730;2
DO8858;7
DO8898;0
DO9034;16
DO9042;24
DO9074;18
DO9106;9
DO9226;12
DO9700;9
DO9732;9
DO9788;27
DO9876;2
DO9940;16
DO221123;2
DO221124;7
DO221127;5
DO221129;7
DO222303;4
DO222304;7
DO222305;19
DO222306;13
DO222307;2
DO222308;13
DO222309;0
DO27763;3
DO27764;6
DO27765;3
DO27767;5
DO27769;2
DO27771;3
DO27773;5
DO27775;2
DO27777;23
DO27779;3
DO27781;0
DO27783;7
DO27785;2
DO27787;9
DO27789;8
DO27791;2
DO27793;4
DO27795;3
DO27797;2
DO27799;11
DO27801;5
DO27803;4
DO27805;3
DO27807;4
DO27809;5
DO27815;0
DO27817;2
DO27819;4
DO27821;3
DO27823;2
DO27825;2
DO27827;20
DO27829;2
DO27833;8
DO27835;4
DO27837;6
DO27841;2
DO27843;5
DO27845;4
DO27847;5
DO27849;5
DO27851;5
DO27853;6
DO27855;7
DO27857;6
DO27859;6
DO52647;5
DO52649;6
DO52650;20
DO52651;5
DO52652;3
DO52653;0
DO52654;28
DO52655;6
DO52656;7
DO52657;5
DO52658;9
DO52659;9
DO52661;6
DO52662;3
DO52663;3
DO52664;12
DO52665;8
DO52666;27
DO52667;4
DO52668;3
DO52669;4
DO52670;17
DO52671;5
DO52672;20
DO52673;1
DO52674;4
DO52675;10
DO52676;10
DO52677;4
DO52679;2
DO52680;2
DO52681;10
DO52682;9
DO52683;22
DO52684;5
DO52685;4
DO52686;9
DO52687;27
DO52688;3
DO52689;5
DO52690;6
DO52691;3
DO52692;19
DO52693;0
DO52694;0
DO52695;0
DO52696;2
DO10839;16
DO10840;28
DO10843;20
DO10844;20
DO10858;28
DO50306;23
DO50307;23
DO50309;28
DO50311;15
DO50314;24
DO50315;22
DO50316;12
DO50318;26
DO50319;26
DO50320;20
DO50321;14
DO50323;20
DO50325;3
DO50326;23
DO50327;23
DO50328;22
DO50329;19
DO50330;27
DO50331;28
DO50332;27
DO50336;21
DO50337;22
DO50338;24
DO50340;29
DO50341;12
DO50342;21
DO50343;17
DO50345;21
DO50346;24
DO50348;21
DO50349;26
DO50354;21
DO50357;26
DO50362;14
DO50364;16
DO50365;13
DO50367;20
DO50374;25
DO50381;23
DO50382;7
DO50383;15
DO50384;14
DO50385;23
DO50387;12
DO50388;17
DO50389;24
DO50392;21
DO50393;24
DO50398;14
DO50399;17
DO50401;27
DO50402;18
DO50403;26
DO50406;21
DO50407;24
DO50408;28
DO50409;12
DO50410;13
DO50411;15
DO50412;21
DO50434;26
DO50435;17
DO50437;12
DO50438;31
DO50439;20
DO50440;19
DO50441;21
DO50442;13
DO50443;24
DO50444;22
DO50445;28
DO50446;23
DO50447;22
DO50448;9
DO50449;19
DO50450;19
DO50451;10
DO50452;7
DO50453;14
DO50454;22
DO10900;7
DO10908;9
DO10960;10
DO10970;7
DO10975;22
DO11046;20
DO11148;15
DO11202;12
DO11292;8
DO11382;10
DO11441;5
DO11501;11
DO11776;20
DO11782;7
DO11794;11
DO11854;7
DO11860;11
DO12034;12
DO12070;18
DO12352;5
DO12370;14
DO12382;10
DO12454;14
DO12484;8
DO12742;9
DO12814;8
DO12952;8
DO13072;9
DO13132;6
DO13144;10
DO13192;8
DO13318;10
DO13348;6
DO13474;8
DO13510;7
DO13575;4
DO13869;22
DO13971;6
DO14049;6
DO219580;2
DO22836;4
DO22838;27
DO22839;4
DO22854;5
DO22860;11
DO22866;7
DO22875;23
DO22884;21
DO22887;27
DO22896;17
DO22914;9
DO22929;5
DO22932;26
DO22935;8
DO22953;10
DO22956;5
DO22959;19
DO22970;10
DO22978;3
DO22986;10
DO22994;22
DO22998;2
DO23018;29
DO23023;5
DO23028;19
DO23048;14
DO23073;8
DO23508;10
DO23509;24
DO23510;10
DO23512;25
DO23513;13
DO23514;4
DO23515;25
DO23516;9
DO23517;5
DO23518;21
DO23519;24
DO23520;12
DO23521;25
DO23522;10
DO23524;7
DO23525;21
DO23526;11
DO23527;16
DO23528;13
DO23529;5
DO23532;4
DO23533;19
DO23534;7
DO23535;23
DO23536;21
DO23537;16
DO23538;11
DO23539;8
DO23540;13
DO23541;13
DO23542;5
DO23544;2
DO23545;14
DO23546;14
DO23549;21
DO23550;7
DO44740;17
DO44744;26
DO44806;2
DO44828;3
DO44832;12
DO44872;9
DO44875;2
DO44877;14
DO44883;8
DO44885;15
DO44888;25
DO44889;10
DO44890;8
DO44919;8
DO44930;13
DO44966;18
DO44974;30
DO44978;10
DO44982;18
DO44986;19
DO44994;18
DO45009;25
DO45029;13
DO45035;17
DO45037;10
DO45039;13
DO45041;10
DO45043;12
DO45045;15
DO45047;22
DO45049;18
DO45051;11
DO45055;12
DO45057;9
DO45059;27
DO45061;14
DO45064;19
DO45065;19
DO45067;16
DO45069;4
DO45071;22
DO45073;7
DO45075;10
DO45077;19
DO45079;5
DO45081;17
DO45083;22
DO45085;24
DO45087;4
DO45089;27
DO45092;14
DO45094;3
DO45095;7
DO45097;10
DO45099;8
DO45101;8
DO45103;20
DO45109;5
DO45111;18
DO45113;18
DO45115;11
DO45117;14
DO45119;16
DO45121;12
DO45123;11
DO45125;10
DO45127;25
DO45129;3
DO45133;14
DO45135;23
DO45137;15
DO45139;13
DO45143;9
DO45145;9
DO45147;14
DO45149;14
DO45153;11
DO45155;14
DO45157;10
DO45159;12
DO45161;10
DO45163;15
DO45167;2
DO45169;14
DO45171;9
DO45173;11
DO45177;4
DO45179;20
DO45181;3
DO45183;8
DO45185;8
DO45187;11
DO45189;12
DO45191;6
DO45193;31
DO45197;15
DO45201;10
DO45203;28
DO45205;8
DO45207;10
DO45209;17
DO45211;24
DO45213;12
DO45215;3
DO45217;22
DO45219;17
DO45221;24
DO45223;13
DO45225;25
DO45227;25
DO45229;12
DO45233;5
DO45235;12
DO45237;22
DO45239;13
DO45241;12
DO45247;10
DO45253;11
DO45255;3
DO45257;21
DO45263;15
DO45265;22
DO45267;11
DO45269;21
DO45277;18
DO48505;5
DO48518;20
DO48552;14
DO48672;11
DO48674;10
DO48677;9
DO48679;26
DO48681;10
DO48682;7
DO48684;10
DO48686;14
DO48687;25
DO48689;4
DO48691;10
DO48692;8
DO48694;10
DO48695;19
DO48697;18
DO48700;7
DO48701;12
DO48703;7
DO48704;7
DO48706;14
DO48709;22
DO48712;19
DO48715;8
DO48716;10
DO48717;8
DO48719;3
DO48720;13
DO48721;26
DO48723;12
DO48725;19
DO48727;7
DO48728;17
DO48730;9
DO48732;14
DO48733;9
DO48736;6
DO48737;28
DO48741;18
DO48742;12
DO48743;15
DO48751;7
DO48753;7
DO48757;20
DO48759;29
DO48760;1
DO48761;4
DO49659;24
DO49695;5
DO50772;16
DO50774;5
DO50776;24
DO50778;27
DO50780;26
DO50783;6
DO50785;23
DO50787;5
DO50789;12
DO50791;6
DO50796;15
DO50798;18
DO50799;10
DO50800;2
DO50802;4
DO50803;4
DO50804;11
DO50805;6
DO50806;25
DO50807;5
DO50808;9
DO50811;10
DO50813;3
DO50815;20
DO50816;8
DO50817;6
DO50818;6
DO50819;10
DO50820;5
DO50822;5
DO50825;30
DO50827;11
DO50829;17
DO50831;16
DO50832;23
DO50834;30
DO50839;10
DO50840;12
DO50845;6
DO50848;10
DO50850;18
DO50851;8
DO50855;18
DO50857;24
DO50859;18
DO52171;26
DO52172;15
DO52307;6
DO16110;5
DO16113;4
DO16136;2
DO16233;4
DO16248;5
DO16269;11
DO16769;18
DO16881;6
DO16999;4
DO17054;3
DO17074;4
DO17085;7
DO17178;6
DO17373;0
DO17722;4
DO17751;6
DO17791;4
DO17848;14
DO17977;4
DO18016;6
DO18056;23
DO18164;11
DO18392;27
DO18572;5
DO18651;2
DO18671;5
DO18701;11
DO18839;5
DO18988;4
DO19028;4
DO19048;27
DO19380;4
DO19733;8
DO20082;10
DO20416;2
DO20604;4
DO46827;4
DO46830;5
DO46832;8
DO46834;6
DO46836;10
DO46838;7
DO46844;5
DO46847;25
DO46850;5
DO46853;1
DO46856;16
DO46859;5
DO46869;4
DO46873;3
DO46877;9
DO46881;23
DO46885;7
DO46889;5
DO46893;4
DO46897;2
DO46901;7
DO46905;8
DO46909;4
DO46913;24
DO46917;17
DO46921;4
DO46925;22
DO46929;4
DO46933;8
DO46937;19
DO46945;4
DO46953;7
DO46957;1
DO46961;6
DO46973;10
DO46977;5
DO46980;7
DO46984;4
DO46988;1
DO46992;4
DO47000;4
DO47004;4
DO47016;14
DO47048;1
DO47052;5
DO47056;16
DO47060;7
DO47064;2
DO47068;4
DO47072;15
DO47076;1
DO47080;4
DO47088;7
DO47092;15
DO47096;2
DO47100;21
DO47104;8
DO47108;17
DO47116;27
DO47124;15
DO47128;19
DO47132;2
DO47150;5
DO47153;13
DO47156;5
DO47159;6
DO47162;8
DO47165;2
DO47171;9
DO47174;17
DO47234;4
DO47243;3
DO47249;7
DO219974;27
DO219975;8
DO220118;5
DO220122;11
DO220126;14
DO220138;26
DO220140;12
DO220153;23
DO220157;6
DO220163;27
DO220168;19
DO220172;24
DO220174;8
DO220176;20
DO220221;26
DO219944;21
DO219945;26
DO219949;22
DO219951;20
DO219952;3
DO219954;28
DO219960;3
DO219961;8
DO219962;9
DO219964;2
DO219965;13
DO219966;28
DO219967;2
DO219968;5
DO219969;16
DO219970;15
DO219972;8
DO23584;27
DO23608;21
DO23610;15
DO23648;7
DO23651;17
DO23687;6
DO23702;27
DO23735;25
DO23744;22
DO23786;5
DO23838;14
DO23942;13
DO24130;12
DO24307;17
DO24467;24
DO24497;20
DO24646;18
DO24675;25
DO24729;5
DO24860;19
DO25010;16
DO25068;10
DO25104;22
DO25189;10
DO25320;10
DO25444;26
DO25622;24
DO25737;4
DO25797;23
DO25847;30
DO25887;15
DO25985;18
DO26062;24
DO26230;27
DO26280;23
DO26354;30
DO26427;22
DO26434;17
DO26445;26
DO26459;27
DO26461;18
DO26463;18
DO26469;19
DO26475;25
DO26476;18
DO26492;24
DO26512;20
DO26540;24
DO26553;16
DO26563;22
DO26572;7
DO26596;22
DO26599;23
DO26653;4
DO26692;25
DO26710;18
DO26719;24
DO26769;22
DO26798;21
DO26806;22
DO26894;21
DO26934;27
DO26957;23
DO26971;19
DO26976;28
DO26987;25
DO26993;22
DO27025;14
DO27067;16
DO27081;22
DO27104;18
DO27120;12
DO27128;26
DO27208;15
DO27279;20
DO27318;24
DO27326;26
DO27334;27
DO27453;18
DO27484;19
DO27588;12
DO27636;25
DO27747;20
DO27978;7
DO28004;19
DO28024;27
DO28053;28
DO28089;12
DO28093;31
DO28119;12
DO28233;16
DO28273;20
DO28289;10
DO28412;19
DO28521;21
DO28763;21
DO28823;22
DO28952;25
DO28962;18
DO29146;25
DO29308;26
DO29398;23
DO29760;22
DO29850;26
DO29940;8
DO29980;27
DO30060;26
DO30090;17
DO30220;13
DO30340;11
DO30550;13
DO30750;22
DO30970;18
DO31150;19
DO31420;22
DO31551;24
DO31729;22
DO31769;14
DO31869;16
DO32237;13
DO32391;9
DO32420;10
DO32596;23
DO32646;21
DO46325;15
DO46327;18
DO46328;22
DO46329;18
DO46330;25
DO46331;18
DO46333;17
DO46334;27
DO46336;22
DO46338;20
DO46340;12
DO46342;21
DO46344;16
DO46346;18
DO46350;24
DO46352;23
DO46354;21
DO46356;23
DO46358;21
DO46360;26
DO46362;26
DO46364;10
DO46366;27
DO46368;12
DO46370;20
DO46372;29
DO46374;28
DO46376;13
DO46378;17
DO46380;16
DO46382;28
DO46384;13
DO46386;10
DO46388;14
DO46390;22
DO46392;17
DO46394;25
DO46398;25
DO46400;32
DO46402;30
DO46404;17
DO46408;15
DO46412;22
DO46416;26
DO46420;25
DO46424;22
DO46448;24
DO46488;14
DO46493;18
DO46498;20
DO46503;26
DO46542;24
DO46551;14
DO46556;12
DO46560;14
DO46561;17
DO46566;20
DO46568;13
DO46571;15
DO46576;27
DO46581;19
DO46586;16
DO46588;24
DO46591;22
DO46593;13
DO46597;27
DO46602;11
DO46606;18
DO46611;13
DO221539;21
DO221540;26
DO221541;11
DO221542;8
DO221544;11
DO221545;13
DO221546;21
DO221547;6
DO32831;24
DO32833;15
DO32837;6
DO32860;13
DO32863;26
DO32875;25
DO32878;24
DO32893;15
DO32900;20
DO32916;29
DO32960;12
DO32972;7
DO32976;9
DO32980;16
DO32984;14
DO33000;16
DO33008;10
DO33016;9
DO33028;13
DO33042;26
DO33077;27
DO33128;24
DO33152;10
DO33160;26
DO33168;22
DO33200;13
DO33208;8
DO33248;25
DO33264;3
DO33288;15
DO33344;20
DO33368;23
DO33376;13
DO33392;12
DO33400;19
DO33408;12
DO33472;24
DO33480;12
DO33488;28
DO33512;23
DO33544;9
DO33552;14
DO33960;22
DO33984;20
DO34264;20
DO34288;18
DO34312;19
DO34336;14
DO34432;13
DO34448;12
DO34504;26
DO34600;21
DO34608;25
DO34616;11
DO34640;28
DO34656;12
DO34680;7
DO34696;31
DO34720;16
DO34728;25
DO34736;11
DO34785;6
DO34793;11
DO34809;8
DO34817;10
DO34849;23
DO34905;15
DO35082;24
DO35085;11
DO35098;12
DO35116;29
DO35118;9
DO35126;8
DO35128;21
DO35136;2
DO35138;13
DO35144;13
DO35152;12
DO35184;13
DO35198;10
DO35216;6
DO35222;18
DO35228;10
DO35230;2
DO35236;21
DO35258;23
DO35290;14
DO35305;21
DO35330;11
DO35350;12
DO35360;4
DO35376;26
DO35406;15
DO35424;27
DO35454;7
DO35496;13
DO49074;22
DO49076;24
DO49078;24
DO49079;15
DO49080;15
DO49087;22
DO49090;10
DO49113;15
DO49127;7
DO49129;12
DO49135;13
DO49137;19
DO49138;21
DO49166;8
DO49168;26
DO49172;11
DO49178;15
DO49181;11
DO49183;29
DO49184;27
DO49193;14
DO49204;28
DO49418;11
DO49419;8
DO49420;18
DO49421;7
DO49422;9
DO49424;23
DO49427;11
DO49430;22
DO49433;10
DO49436;26
DO49439;6
DO49442;13
DO49445;5
DO49448;22
DO49451;25
DO49454;11
DO49457;7
DO49460;12
DO49463;27
DO49466;24
DO49478;9
DO49484;11
DO51466;13
DO51467;27
DO51468;17
DO51469;18
DO51470;9
DO51472;14
DO51473;24
DO51474;11
DO51476;17
DO51477;9
DO51478;11
DO51479;10
DO51480;9
DO51481;13
DO51483;9
DO51484;8
DO51485;10
DO51487;21
DO51489;21
DO51490;10
DO51491;20
DO51492;26
DO51493;25
DO51494;17
DO51495;14
DO51496;10
DO51497;6
DO51498;13
DO51499;10
DO51500;1
DO51501;14
DO51502;12
DO51503;17
DO51504;24
DO51505;30
DO51506;10
DO51507;17
DO51509;14
DO51510;12
DO51511;12
DO51512;19
DO51513;11
DO51514;8
DO51515;19
DO51518;24
DO51519;7
DO51520;20
DO51522;21
DO51523;28
DO51524;14
DO51525;10
DO51527;11
DO51528;27
DO51529;27
DO51530;5
DO51531;11
DO51532;11
DO51533;23
DO51534;12
DO51535;28
DO51536;13
DO51537;8
DO51538;11
DO51540;7
DO51541;23
DO51542;23
DO51543;9
DO51544;10
DO51548;6
DO51549;0
DO46744;5
DO46745;13
DO46747;20
DO46749;3
DO46751;20
DO46753;16
DO46755;21
DO46757;20
DO46759;19
DO46761;27
DO46763;13
DO46767;5
DO46769;19
DO46771;22
DO46773;7
DO46777;4
DO46779;20
DO46781;10
DO46783;21
DO46785;10
DO48520;24
DO48539;27
DO48541;12
DO48545;20
DO48553;4
DO48554;24
DO48557;6
DO48573;17
DO48578;15
DO48581;14
DO51169;4
DO51170;20
DO51171;19
DO51172;5
DO51173;4
DO51174;13
DO51175;5
DO51176;25
DO51177;21
DO51178;19
DO51179;4
DO51180;20
DO51181;15
DO51182;17
DO51184;3
DO51185;14
DO51187;18
DO52122;19
DO52123;18
DO52124;18
DO52125;8
DO52126;15
DO52127;18
DO52128;2
DO52129;17
DO52131;4
DO52132;4
DO52134;12
DO52135;17
DO52136;14
DO52137;2
DO52139;0
DO52141;12
DO52142;20
DO52143;18
DO52146;17
DO52147;16
DO52148;5
DO52149;17
DO52150;19
DO52151;17
DO52152;21
DO52153;25
DO52154;11
DO52155;10
DO52156;22
DO52158;18
DO52159;20
DO52161;19
DO52162;21
DO52164;20
DO10811;3
DO10821;3
DO10823;4
DO10825;3
DO10833;2
DO10835;2
DO36221;3
DO36226;2
DO36248;3
DO36253;12
DO36254;5
DO36262;3
DO36273;3
DO36283;2
DO36285;3
DO36345;2
DO36356;2
DO36360;2
DO36372;2
DO46788;6
DO46790;2
DO46792;6
DO46793;3
DO46795;3
DO46796;15
DO46813;2
DO49815;2
DO50416;3
DO50417;2
DO50419;4
DO50422;5
DO50423;2
DO50424;4
DO50428;7
DO50430;3
DO50431;3
DO50432;5
DO51044;2
DO51046;2
DO51047;4
DO51048;8
DO51049;8
DO51050;5
DO51051;6
DO51052;6
DO51053;6
DO51054;5
DO51055;7
DO51056;3
DO51057;7
DO51060;6
DO51061;4
DO51062;3
DO51063;2
DO51064;2
DO51065;2
DO51066;8
DO51067;5
DO51068;2
DO51069;4
DO51070;5
DO51072;4
DO51073;2
DO51074;4
DO51075;7
DO51078;5
DO51079;3
DO51080;3
DO51081;4
DO51083;4
DO51084;2
DO51085;5
DO51086;5
DO51088;2
DO51089;4
DO51090;4
DO51091;2
DO51092;2
DO51093;4
DO51094;2
DO51095;2
DO51096;2
DO51097;3
DO51098;2
DO51099;3
DO51100;2
DO51102;4
DO51103;10
DO51104;4
DO51105;3
DO51106;2
DO51107;16
DO51108;2
DO51109;4
DO51110;2
DO51112;2
DO51113;5
DO51114;3
DO51115;3
DO51116;2
DO51117;2
DO51118;10
DO51120;4
DO51121;2
DO51122;4
DO51124;3
DO51126;3
DO51127;3
DO51128;9
DO51129;4
DO51131;3
DO51133;2
DO51134;2
DO51135;4
DO51137;5
DO51138;4
DO51139;3
DO51141;5
DO51142;3
DO51143;3
DO51144;8
DO51145;4
DO51147;2
DO51148;4
DO51150;4
DO51152;5
DO51153;2
DO51154;2
DO51155;5
DO51157;7
DO51158;2
DO51159;2
DO51953;8
DO51958;21
DO51960;11
DO51962;11
DO51965;14
DO52499;3
DO52500;3
DO52501;4
DO52502;8
DO52503;2
DO52504;5
DO52505;4
DO52506;12
DO52508;5
DO52510;7
DO52516;25
DO52520;4
DO52522;2
DO52524;4
DO52526;4
DO52532;3
DO220841;21
DO220842;19
DO220843;11
DO220844;14
DO220845;24
DO220846;17
DO220847;23
DO220848;24
DO220849;21
DO220850;23
DO220851;13
DO220852;11
DO220853;17
DO220855;20
DO220857;14
DO220858;19
DO220859;23
DO220861;23
DO220863;13
DO220864;27
DO220865;28
DO220866;25
DO220867;26
DO220868;25
DO220869;11
DO220870;23
DO220871;16
DO220872;9
DO220873;11
DO220874;27
DO220875;17
DO220877;22
DO220878;10
DO220879;12
DO220880;26
DO220881;24
DO220882;12
DO220883;16
DO220884;14
DO220885;29
DO220886;23
DO220887;19
DO220888;25
DO220889;13
DO220890;22
DO220891;17
DO220892;20
DO220893;8
DO220894;17
DO220895;14
DO220896;7
DO220897;13
DO220899;10
DO220900;14
DO220901;6
DO220902;25
DO220903;26
DO220904;22
DO220905;13
DO220906;9
DO220907;12
DO220908;25
DO220909;14
DO220910;16
DO220911;16
DO220912;8
DO220913;20
DO37409;11
DO37418;16
DO37424;26
DO37425;4
DO37426;11
DO37427;13
DO37432;21
DO37435;29
DO37439;13
DO37440;29
DO37445;24
DO37474;20
DO37515;12
DO37527;22
DO37531;7
DO37587;16
DO37599;12
DO37607;10
DO37627;23
DO37659;22
DO37703;8
DO37719;15
DO37723;24
DO37750;16
DO37758;24
DO37782;19
DO37827;23
DO37861;25
DO37896;21
DO37946;7
DO38129;18
DO47255;8
DO47268;22
DO47331;20
DO47451;12
DO47542;24
DO51251;25
DO217814;25
DO217817;3
DO217818;18
DO217822;23
DO217867;18
DO217896;15
DO218030;15
DO218068;19
DO218136;24
DO218223;25
DO218443;15
DO218547;23
DO218673;24
DO218728;13
DO218769;7
DO222276;6
DO222285;30
DO222288;6
DO222292;15
DO222299;22
DO38226;24
DO38229;19
DO38238;19
DO38380;4
DO38388;9
DO38404;5
DO38423;18
DO38535;14
DO38547;28
DO38571;19
DO38603;26
DO38635;28
DO38655;30
DO38663;3
DO38671;12
DO38731;22
DO38775;23
DO38779;12
DO38791;22
DO38807;25
DO38831;14
DO38847;20
DO38871;16
DO47737;12
DO47747;16
DO47753;17
DO47785;27
DO47817;10
DO47841;5
DO47859;22
DO47863;26
DO47911;21
DO47929;20
DO47997;10
DO48040;15
DO219585;3
DO38899;7
DO38901;0
DO38903;2
DO38911;2
DO38946;0
DO38966;0
DO38978;0
DO39016;0
DO39020;0
DO39022;0
DO39046;0
DO39070;0
DO39072;0
DO39084;0
DO39127;0
DO39210;0
DO39216;0
DO39306;3
DO39363;2
DO39481;0
DO39534;0
DO39610;2
DO39635;11
DO39684;0
DO39798;0
DO39841;2
DO39847;1
DO39886;2
DO39910;1
DO39956;0
DO40069;0
DO40147;0
DO40167;0
DO40193;0
DO40274;2
DO40405;0
DO40484;2
DO40496;0
DO40735;0
DO48065;0
DO48084;2
DO48103;0
DO48159;0
DO14171;8
DO14192;10
DO14204;12
DO14232;7
DO14236;22
DO14238;23
DO14242;23
DO14250;10
DO14264;24
DO14282;5
DO14296;5
DO14343;31
DO14420;14
DO14502;17
DO14566;15
DO14582;3
DO14614;25
DO14678;19
DO14686;9
DO14718;25
DO14742;23
DO14750;12
DO14814;25
DO14862;19
DO14942;24
DO15014;19
DO15022;9
DO15046;25
DO15110;26
DO15398;27
DO15414;15
DO15430;25
DO15503;11
DO15527;13
DO15591;20
DO15791;20
DO15815;17
DO15870;14
DO15911;5
DO15943;11
DO16015;3
DO217836;4
DO217950;26
DO218075;22
DO218180;6
DO218280;26
DO218306;8
DO218697;9
DO218773;12
DO52029;12
DO44097;24
DO472;19
DO477;23
DO479;22
DO483;27
DO496;24
DO498;5
DO522;29
DO536;23
DO548;4
DO555;23
DO561;26
DO575;1
DO639;18
DO669;26
DO675;8
DO689;26
DO695;9
DO720;19
DO804;9
DO822;4
DO828;6
DO856;19
DO40806;25
DO40831;14
DO40867;11
DO40930;21
DO40948;28
DO41056;4
DO41080;8
DO41157;13
DO41217;26
DO41343;16
DO41398;22
DO41446;1
DO41530;7
DO41716;27
DO41911;23
DO41943;20
DO41951;11
DO42169;28
DO42209;2
DO42240;21
DO42256;2
DO42304;1
DO42400;0
DO42424;6
DO42432;0
DO42464;20
DO42536;16
DO42544;2
DO42881;7
DO42937;11
DO43074;6
DO43162;27
DO43210;16
DO43314;5
DO43338;10
DO43378;11
DO43506;16
DO43514;2
DO43658;26
DO43739;24
DO43811;12
DO43859;26